Task ID,O*NET-SOC Code,Occupation (O*NET-SOC Title),Task,Task Type,Category,Frequency,Importance,Relevance,Occupation Mean Annual Wage,Occupation Employment,Wage_Missing,Employment_Missing,Skill (O*NET Work Activity),Skill ID (O*NET Generalized Work Activity ID),Expert_Automation Capacity Rating,Expert_Human Agency Scale Rating,Expert_Physical Action Requirement,Expert_Involved Uncertainty,Expert_Domain Expertise Requirement,Expert_Interpersonal Communication Requirement,Expert_N_Raters,Has_Expert_Rating,Worker_Automation Desire Rating,Worker_Human Agency Scale Rating,Worker_Time,Worker_Core Skill Rating,Worker_Job Security Rating,Worker_Enjoyment Rating,Worker_Physical Action Requirement,Worker_Interpersonal Communication Requirement,Worker_Involved Uncertainty,Worker_Domain Expertise Requirement,Share_AutoDesire_Free Time,Share_AutoDesire_Repetitive,Share_AutoDesire_Human Error,Share_AutoDesire_Stress,Share_AutoDesire_Difficulty,Share_AutoDesire_Scale,Share_HumanAgency_Physical,Share_HumanAgency_Control,Share_HumanAgency_Domain Knowledge,Share_HumanAgency_Empathy,Share_HumanAgency_Quality Oversight,Share_HumanAgency_Dynamic,Share_HumanAgency_Ethical,Worker_N_Respondents,Has_Worker_Rating,Date
18965,15-1241.00,Computer Network Architects,Develop and implement solutions for network problems.,Core,4.0,4.0,4.2,100.0,135890.0,177010.0,False,False,Working with Computers,4.A.3.b.1,,,,,,,,False,,,,,,,,,,,,,,,,,,,,,,,,,False,2024-08-01
18974,15-1241.00,Computer Network Architects,Estimate time and materials needed to complete projects.,Core,3.0,3.0,3.44,90.0,135890.0,177010.0,False,False,"Estimating the Quantifiable Characteristics of Products, Events, or Information",4.A.1.b.3,,,,,,,,False,,,,,,,,,,,,,,,,,,,,,,,,,False,2024-08-01
18977,15-1241.00,Computer Network Architects,"Maintain networks by performing activities such as file addition, deletion, or backup.",Core,5.0,5.0,4.16,100.0,135890.0,177010.0,False,False,Repairing and Maintaining Mechanical Equipment,4.A.3.b.4,,,,,,,,False,,,,,,,,,,,,,,,,,,,,,,,,,False,2024-08-01
18979,15-1241.00,Computer Network Architects,"Monitor and analyze network performance and reports on data input or output to detect problems, identify inefficient use of computer resources, or perform capacity planning.",Core,5.0,5.0,3.9,100.0,135890.0,177010.0,False,False,"Monitoring Processes, Materials, or Surroundings; Analyzing Data or Information",4.A.1.a.2; 4.A.2.a.4,,,,,,,,False,,,,,,,,,,,,,,,,,,,,,,,,,False,2024-08-01
18989,15-1231.00,Computer Network Support Specialists,"Analyze network data to determine network usage, disk space availability, or server function.",Core,5.0,5.0,3.94,96.97,79610.0,146450.0,False,False,"Monitoring Processes, Materials, or Surroundings; Analyzing Data or Information",4.A.1.a.2; 4.A.2.a.4,4.666666666666667,1.3333333333333333,1.3333333333333333,1.3333333333333333,1.6666666666666667,1.3333333333333333,3.0,True,3.3333333333333335,2.0,2.0,3.3333333333333335,2.0,2.3333333333333335,2.0,1.6666666666666667,1.6666666666666667,3.6666666666666665,0.6666666666666666,0.3333333333333333,0.6666666666666666,0.3333333333333333,0.6666666666666666,0.6666666666666666,0.0,0.0,0.0,0.0,0.0,0.0,0.0,3.0,True,2014-07-01
18991,15-1231.00,Computer Network Support Specialists,Configure security settings or access permissions for groups or individuals.,Core,5.0,5.0,4.37,94.8,79610.0,146450.0,False,False,Working with Computers,4.A.3.b.1,4.666666666666667,1.3333333333333333,1.3333333333333333,1.3333333333333333,1.6666666666666667,1.6666666666666667,3.0,True,2.3333333333333335,2.6666666666666665,1.6666666666666667,3.0,2.1666666666666665,2.6666666666666665,1.5,1.6666666666666667,2.3333333333333335,3.1666666666666665,0.3333333333333333,0.16666666666666666,0.16666666666666666,0.0,0.0,0.16666666666666666,0.0,0.5,0.3333333333333333,0.3333333333333333,0.16666666666666666,0.3333333333333333,0.16666666666666666,6.0,True,2014-07-01
18992,15-1231.00,Computer Network Support Specialists,Configure wide area network (WAN) or local area network (LAN) routers or related equipment.,Core,3.0,3.0,4.04,81.82,79610.0,146450.0,False,False,Working with Computers,4.A.3.b.1,2.0,4.0,2.0,3.5,4.5,1.5,2.0,True,2.0,2.4,1.8,2.8,2.4,3.0,2.2,1.8,2.8,2.8,0.0,0.0,0.2,0.2,0.0,0.2,0.0,0.4,0.4,0.0,0.4,0.2,0.2,5.0,True,2014-07-01
18993,15-1231.00,Computer Network Support Specialists,Document network support activities.,Core,5.0,5.0,4.09,92.33,79610.0,146450.0,False,False,Documenting/Recording Information,4.A.3.b.6,4.5,1.5,1.0,1.5,2.0,1.5,2.0,True,3.5,2.25,2.5,3.75,2.5,2.5,1.75,2.75,1.75,3.0,0.75,0.5,0.25,0.5,0.0,0.25,0.0,0.0,0.0,0.0,0.0,0.0,0.0,4.0,True,2014-07-01
18994,15-1231.00,Computer Network Support Specialists,"Evaluate local area network (LAN) or wide area network (WAN) performance data to ensure sufficient availability or speed, to identify network problems, or for disaster recovery purposes.",Core,5.0,5.0,3.96,81.76,79610.0,146450.0,False,False,"Inspecting Equipment, Structures, or Materials",4.A.1.b.2,,,,,,,,False,,,,,,,,,,,,,,,,,,,,,,,,,False,2014-07-01
19001,15-1231.00,Computer Network Support Specialists,"Test computer software or hardware, using standard diagnostic testing equipment and procedures.",Core,3.0,3.0,3.67,85.94,79610.0,146450.0,False,False,"Inspecting Equipment, Structures, or Materials",4.A.1.b.2,,,,,,,,False,,,,,,,,,,,,,,,,,,,,,,,,,False,2014-07-01
19002,15-1231.00,Computer Network Support Specialists,Troubleshoot network or connectivity problems for users or user groups.,Core,3.0,3.0,3.96,91.65,79610.0,146450.0,False,False,Working with Computers,4.A.3.b.1,2.5,4.0,2.0,4.0,4.5,3.0,2.0,True,2.4285714285714284,3.142857142857143,2.857142857142857,3.4285714285714284,2.2857142857142856,3.2857142857142856,2.2857142857142856,3.2857142857142856,3.5714285714285716,3.5714285714285716,0.2857142857142857,0.14285714285714285,0.2857142857142857,0.2857142857142857,0.42857142857142855,0.2857142857142857,0.2857142857142857,0.42857142857142855,0.42857142857142855,0.42857142857142855,0.42857142857142855,0.2857142857142857,0.14285714285714285,7.0,True,2014-07-01
19003,15-1231.00,Computer Network Support Specialists,Analyze and report computer network security breaches or attempted breaches.,Core,3.0,3.0,4.26,82.28,79610.0,146450.0,False,False,Analyzing Data or Information,4.A.2.a.4,3.3333333333333335,3.0,1.3333333333333333,2.6666666666666665,3.3333333333333335,1.3333333333333333,3.0,True,2.5,3.0,2.3333333333333335,3.3333333333333335,3.3333333333333335,3.3333333333333335,2.0,2.3333333333333335,3.5,3.5,0.16666666666666666,0.16666666666666666,0.16666666666666666,0.0,0.16666666666666666,0.3333333333333333,0.0,0.6666666666666666,0.6666666666666666,0.3333333333333333,0.5,0.3333333333333333,0.16666666666666666,6.0,True,2014-07-01
19004,15-1231.00,Computer Network Support Specialists,Back up network data.,Core,5.0,5.0,4.44,90.62,79610.0,146450.0,False,False,Working with Computers,4.A.3.b.1,4.5,1.5,1.5,1.5,1.5,1.5,2.0,True,2.8333333333333335,2.0,1.6666666666666667,2.0,2.3333333333333335,2.1666666666666665,1.6666666666666667,2.1666666666666665,2.1666666666666665,2.6666666666666665,0.5,0.0,0.3333333333333333,0.0,0.16666666666666666,0.5,0.0,0.16666666666666666,0.0,0.0,0.0,0.0,0.0,6.0,True,2014-07-01
19006,15-1231.00,Computer Network Support Specialists,Create or update technical documentation for network installations or changes to existing installations.,Core,4.0,4.0,3.61,84.53,79610.0,146450.0,False,False,Documenting/Recording Information,4.A.3.b.6,,,,,,,,False,,,,,,,,,,,,,,,,,,,,,,,,,False,2014-07-01
19007,15-1231.00,Computer Network Support Specialists,Document help desk requests and resolutions.,Core,5.0,5.0,3.43,82.57,79610.0,146450.0,False,False,Documenting/Recording Information,4.A.3.b.6,,,,,,,,False,,,,,,,,,,,,,,,,,,,,,,,,,False,2014-07-01
19008,15-1231.00,Computer Network Support Specialists,Maintain logs of network activity.,Core,5.0,5.0,3.44,75.57,79610.0,146450.0,False,False,Documenting/Recording Information,4.A.3.b.6,,,,,,,,False,,,,,,,,,,,,,,,,,,,,,,,,,False,2014-07-01
19009,15-1231.00,Computer Network Support Specialists,"Monitor industry Web sites or publications for information about patches, releases, viruses, or potential problem identification.",Core,3.0,3.0,3.66,82.7,79610.0,146450.0,False,False,Updating and Using Relevant Knowledge,4.A.2.b.3,,,,,,,,False,,,,,,,,,,,,,,,,,,,,,,,,,False,2014-07-01
19010,15-1231.00,Computer Network Support Specialists,Provide telephone support related to networking or connectivity issues.,Core,5.0,5.0,3.96,89.29,79610.0,146450.0,False,False,Providing Consultation and Advice to Others,4.A.4.b.6,3.6666666666666665,2.3333333333333335,1.3333333333333333,1.6666666666666667,2.3333333333333335,3.6666666666666665,3.0,True,3.8,2.0,2.4,3.6,2.0,2.2,1.8,4.0,2.2,3.2,0.8,0.8,0.8,0.6,0.4,0.8,0.0,0.0,0.0,0.2,0.2,0.2,0.0,5.0,True,2014-07-01
19011,15-1231.00,Computer Network Support Specialists,Research hardware or software products to meet technical networking or security needs.,Core,4.0,4.0,3.34,86.33,79610.0,146450.0,False,False,Getting Information,4.A.1.a.1,3.3333333333333335,2.6666666666666665,1.3333333333333333,2.3333333333333335,3.3333333333333335,3.0,3.0,True,2.0,1.6666666666666667,1.3333333333333333,1.6666666666666667,1.3333333333333333,1.3333333333333333,1.6666666666666667,1.6666666666666667,2.0,2.0,0.0,0.3333333333333333,0.0,0.0,0.0,0.0,0.0,0.0,0.0,0.0,0.0,0.0,0.0,3.0,True,2014-07-01
19012,15-1231.00,Computer Network Support Specialists,Run monthly network reports.,Core,3.0,3.0,3.05,74.12,79610.0,146450.0,False,False,Documenting/Recording Information,4.A.3.b.6,,,,,,,,False,,,,,,,,,,,,,,,,,,,,,,,,,False,2014-07-01
19014,15-1231.00,Computer Network Support Specialists,Train users in procedures related to network applications software or related systems.,Core,4.0,4.0,3.58,80.46,79610.0,146450.0,False,False,Training and Teaching Others,4.A.4.b.3,,,,,,,,False,,,,,,,,,,,,,,,,,,,,,,,,,False,2014-07-01
1267,15-1251.00,Computer Programmers,Correct errors by making appropriate changes and rechecking the program to ensure that the desired results are produced.,Core,6.0,6.0,4.38,93.87,103640.0,109870.0,False,False,"Inspecting Equipment, Structures, or Materials; Working with Computers",4.A.1.b.2; 4.A.3.b.1,3.0,3.5,1.5,2.0,3.0,1.5,2.0,True,3.0,2.4,2.0,2.9,2.2,2.1,1.6,2.2,2.5,2.9,0.5,0.5,0.3,0.2,0.3,0.2,0.2,0.2,0.2,0.3,0.0,0.0,0.0,10.0,True,2018-08-01
1269,15-1251.00,Computer Programmers,"Compile and write documentation of program development and subsequent revisions, inserting comments in the coded instructions so others can understand the program.",Core,5.0,5.0,3.56,99.79,103640.0,109870.0,False,False,Documenting/Recording Information,4.A.3.b.6,4.666666666666667,1.3333333333333333,1.3333333333333333,1.6666666666666667,2.3333333333333335,1.3333333333333333,3.0,True,3.625,2.25,1.625,2.875,2.125,2.5,1.75,2.5,2.0,2.875,0.5,0.5,0.25,0.25,0.125,0.5,0.25,0.0,0.125,0.0,0.0,0.0,0.0,8.0,True,2018-08-01
1270,15-1251.00,Computer Programmers,"Write, update, and maintain computer programs or software packages to handle specific jobs such as tracking inventory, storing or retrieving data, or controlling other equipment.",Core,6.0,6.0,4.15,88.75,103640.0,109870.0,False,False,Thinking Creatively; Working with Computers,4.A.2.b.2; 4.A.3.b.1,4.5,2.0,1.5,2.0,3.5,1.5,2.0,True,3.111111111111111,2.6666666666666665,2.3333333333333335,3.5555555555555554,2.111111111111111,3.111111111111111,2.0,2.5555555555555554,2.7777777777777777,3.0,0.6666666666666666,0.2222222222222222,0.4444444444444444,0.1111111111111111,0.1111111111111111,0.5555555555555556,0.1111111111111111,0.4444444444444444,0.5555555555555556,0.3333333333333333,0.4444444444444444,0.2222222222222222,0.2222222222222222,9.0,True,2018-08-01
1272,15-1251.00,Computer Programmers,"Perform or direct revision, repair, or expansion of existing programs to increase operating efficiency or adapt to new requirements.",Core,5.0,5.0,4.37,100.0,103640.0,109870.0,False,False,Thinking Creatively,4.A.2.b.2,3.0,3.0,1.5,3.5,4.0,3.0,2.0,True,2.5,2.75,2.5,3.375,2.125,2.75,1.5,2.5,3.0,3.625,0.375,0.25,0.125,0.25,0.125,0.0,0.125,0.5,0.5,0.375,0.5,0.5,0.25,8.0,True,2018-08-01
1273,15-1251.00,Computer Programmers,"Write, analyze, review, and rewrite programs, using workflow chart and diagram, and applying knowledge of computer capabilities, subject matter, and symbolic logic.",Core,7.0,7.0,4.42,93.78,103640.0,109870.0,False,False,Thinking Creatively; Working with Computers,4.A.2.b.2; 4.A.3.b.1,3.5,3.0,1.5,2.0,3.0,2.0,2.0,True,3.1,3.2,2.6,3.4,2.9,3.0,2.0,3.1,3.5,3.8,0.5,0.1,0.2,0.2,0.2,0.4,0.1,0.6,0.6,0.4,0.5,0.4,0.2,10.0,True,2018-08-01
1274,15-1251.00,Computer Programmers,Write or contribute to instructions or manuals to guide end users.,Core,4.0,4.0,3.27,85.01,103640.0,109870.0,False,False,Documenting/Recording Information,4.A.3.b.6,4.0,2.0,1.6666666666666667,2.0,2.6666666666666665,3.0,3.0,True,2.8,2.4,1.4,2.1,1.8,1.9,1.6,2.3,1.8,2.5,0.5,0.4,0.2,0.1,0.1,0.2,0.0,0.2,0.2,0.2,0.1,0.1,0.1,10.0,True,2018-08-01
1275,15-1251.00,Computer Programmers,"Investigate whether networks, workstations, the central processing unit of the system, or peripheral equipment are responding to a program's instructions.",Core,3.0,3.0,3.26,67.74,103640.0,109870.0,False,False,"Inspecting Equipment, Structures, or Materials",4.A.1.b.2,5.0,1.0,1.0,2.0,2.5,1.0,2.0,True,3.4,2.6,1.9,2.5,1.5,2.7,1.7,2.1,1.9,2.8,0.6,0.2,0.2,0.1,0.1,0.2,0.2,0.2,0.1,0.2,0.2,0.1,0.0,10.0,True,2018-08-01
1276,15-1251.00,Computer Programmers,"Prepare detailed workflow charts and diagrams that describe input, output, and logical operation, and convert them into a series of instructions coded in a computer language.",Core,3.0,3.0,3.58,86.57,103640.0,109870.0,False,False,Thinking Creatively,4.A.2.b.2,5.0,1.0,1.0,1.0,1.5,1.0,2.0,True,3.0,2.375,2.25,3.375,2.0,3.0,1.5,2.625,2.5,3.125,0.5,0.125,0.25,0.375,0.375,0.375,0.25,0.25,0.375,0.125,0.25,0.375,0.125,8.0,True,2018-08-01
1277,15-1251.00,Computer Programmers,Perform systems analysis and programming tasks to maintain and control the use of computer systems software as a systems programmer.,Core,5.0,5.0,3.28,69.44,103640.0,109870.0,False,False,"Inspecting Equipment, Structures, or Materials",4.A.1.b.2,3.5,3.0,1.5,2.0,2.5,1.5,2.0,True,2.625,2.875,2.125,2.875,1.75,2.75,1.875,2.375,2.625,2.875,0.375,0.375,0.125,0.25,0.25,0.25,0.125,0.375,0.625,0.125,0.125,0.375,0.125,8.0,True,2018-08-01
1279,15-1251.00,Computer Programmers,"Assign, coordinate, and review work and activities of programming personnel.",Core,4.0,4.0,3.22,70.93,103640.0,109870.0,False,False,"Guiding, Directing, and Motivating Subordinates",4.A.4.b.4,2.3333333333333335,3.3333333333333335,1.0,2.3333333333333335,3.0,4.0,3.0,True,2.3333333333333335,2.5555555555555554,2.0,2.888888888888889,2.2222222222222223,2.6666666666666665,1.5555555555555556,3.2222222222222223,2.888888888888889,3.3333333333333335,0.4444444444444444,0.1111111111111111,0.0,0.2222222222222222,0.0,0.2222222222222222,0.0,0.3333333333333333,0.2222222222222222,0.4444444444444444,0.3333333333333333,0.1111111111111111,0.1111111111111111,9.0,True,2018-08-01
21049,15-1251.00,Computer Programmers,Develop Web sites.,Supplemental,5.0,5.0,3.24,50.27,103640.0,109870.0,False,False,Thinking Creatively,4.A.2.b.2,4.0,2.5,1.5,2.5,3.0,2.5,2.0,True,2.6666666666666665,3.0,2.111111111111111,2.5555555555555554,2.3333333333333335,3.0,1.7777777777777777,2.3333333333333335,2.6666666666666665,2.6666666666666665,0.2222222222222222,0.4444444444444444,0.3333333333333333,0.1111111111111111,0.2222222222222222,0.1111111111111111,0.0,0.4444444444444444,0.3333333333333333,0.1111111111111111,0.4444444444444444,0.1111111111111111,0.1111111111111111,9.0,True,2018-08-01
3465,15-1211.00,Computer Systems Analysts,"Test, maintain, and monitor computer programs and systems, including coordinating the installation of computer programs and systems.",Core,5.0,5.0,4.0,90.01,111960.0,497800.0,False,False,"Monitoring Processes, Materials, or Surroundings; Inspecting Equipment, Structures, or Materials; Guiding, Directing, and Motivating Subordinates",4.A.1.a.2; 4.A.1.b.2; 4.A.4.b.4,3.0,3.0,1.5,2.5,3.5,3.0,2.0,True,2.3,3.2,2.3,2.5,2.5,2.8,2.2,2.7,2.4,3.4,0.3,0.3,0.1,0.2,0.1,0.1,0.0,0.1,0.0,0.1,0.2,0.1,0.1,10.0,True,2023-08-01
3466,15-1211.00,Computer Systems Analysts,"Use object-oriented programming languages, as well as client and server applications development processes and multimedia and Internet technology.",Core,6.0,6.0,3.71,88.2,111960.0,497800.0,False,False,Working with Computers,4.A.3.b.1,4.0,2.0,1.0,2.0,3.6666666666666665,1.6666666666666667,3.0,True,2.8,3.1,2.0,2.5,2.7,3.4,2.2,2.8,2.8,3.5,0.3,0.2,0.4,0.0,0.2,0.0,0.0,0.2,0.2,0.2,0.3,0.2,0.1,10.0,True,2023-08-01
3470,15-1211.00,Computer Systems Analysts,Expand or modify system to serve new purposes or improve work flow.,Core,3.0,3.0,3.47,85.73,111960.0,497800.0,False,False,Thinking Creatively,4.A.2.b.2,2.0,3.5,2.5,2.0,3.0,1.5,2.0,True,2.5454545454545454,3.0,2.1818181818181817,3.0,2.5454545454545454,2.8181818181818183,1.9090909090909092,2.6363636363636362,3.0,3.727272727272727,0.45454545454545453,0.18181818181818182,0.36363636363636365,0.45454545454545453,0.2727272727272727,0.2727272727272727,0.18181818181818182,0.09090909090909091,0.18181818181818182,0.09090909090909091,0.18181818181818182,0.09090909090909091,0.0,11.0,True,2023-08-01
3474,15-1211.00,Computer Systems Analysts,"Analyze information processing or computation needs and plan and design computer systems, using techniques such as structured analysis, data modeling, and information engineering.",Core,5.0,5.0,3.6,78.19,111960.0,497800.0,False,False,Analyzing Data or Information; Thinking Creatively,4.A.2.a.4; 4.A.2.b.2,3.0,3.5,1.5,3.0,3.0,2.5,2.0,True,2.7,2.7,2.4,2.9,2.6,2.9,1.8,2.6,2.6,3.1,0.3,0.2,0.4,0.5,0.1,0.1,0.1,0.1,0.1,0.1,0.2,0.3,0.0,10.0,True,2023-08-01
3478,15-1211.00,Computer Systems Analysts,"Review and analyze computer printouts and performance indicators to locate code problems, and correct errors by correcting codes.",Supplemental,3.0,3.0,3.6,65.95,111960.0,497800.0,False,False,Analyzing Data or Information,4.A.2.a.4,4.5,2.0,1.5,2.0,2.5,2.0,2.0,True,3.2222222222222223,3.0,2.4444444444444446,3.0,3.5555555555555554,3.111111111111111,2.111111111111111,2.3333333333333335,2.7777777777777777,3.5555555555555554,0.3333333333333333,0.5555555555555556,0.4444444444444444,0.2222222222222222,0.2222222222222222,0.1111111111111111,0.2222222222222222,0.3333333333333333,0.5555555555555556,0.0,0.3333333333333333,0.3333333333333333,0.1111111111111111,9.0,True,2023-08-01
3480,15-1211.00,Computer Systems Analysts,"Read manuals, periodicals, and technical reports to learn how to develop programs that meet staff and user requirements.",Core,3.0,3.0,3.21,76.98,111960.0,497800.0,False,False,Getting Information,4.A.1.a.1,4.5,1.5,1.0,1.0,2.5,1.0,2.0,True,2.7,2.7,1.9,2.8,2.2,2.8,1.9,2.4,2.1,2.6,0.3,0.2,0.5,0.3,0.4,0.4,0.1,0.2,0.1,0.2,0.2,0.1,0.2,10.0,True,2023-08-01
3482,15-1211.00,Computer Systems Analysts,"Use the computer in the analysis and solution of business problems, such as development of integrated production and inventory control and cost analysis systems.",Core,5.0,5.0,3.97,90.87,111960.0,497800.0,False,False,Thinking Creatively,4.A.2.b.2,2.6666666666666665,3.0,1.3333333333333333,2.3333333333333335,2.6666666666666665,3.0,3.0,True,2.4,3.1,3.0,3.2,2.7,4.0,2.8,3.8,3.3,3.8,0.3,0.1,0.2,0.2,0.1,0.1,0.0,0.5,0.4,0.4,0.5,0.4,0.3,10.0,True,2023-08-01
3484,15-1211.00,Computer Systems Analysts,Specify inputs accessed by the system and plan the distribution and use of the results.,Core,4.0,4.0,3.48,71.13,111960.0,497800.0,False,False,Making Decisions and Solving Problems; Thinking Creatively,4.A.2.b.1; 4.A.2.b.2,3.3333333333333335,2.6666666666666665,1.0,2.0,3.0,2.3333333333333335,3.0,True,2.2222222222222223,2.6666666666666665,2.7777777777777777,3.2222222222222223,2.4444444444444446,3.6666666666666665,2.111111111111111,2.4444444444444446,2.7777777777777777,3.0,0.2222222222222222,0.0,0.1111111111111111,0.2222222222222222,0.0,0.1111111111111111,0.0,0.4444444444444444,0.3333333333333333,0.3333333333333333,0.3333333333333333,0.2222222222222222,0.0,9.0,True,2023-08-01
20950,15-1211.00,Computer Systems Analysts,Troubleshoot program and system malfunctions to restore normal functioning.,Core,3.0,3.0,4.24,98.82,111960.0,497800.0,False,False,Working with Computers,4.A.3.b.1,3.6666666666666665,2.3333333333333335,1.3333333333333333,2.3333333333333335,3.3333333333333335,2.3333333333333335,3.0,True,2.5454545454545454,3.090909090909091,2.5454545454545454,3.1818181818181817,2.727272727272727,3.0,1.7272727272727273,2.8181818181818183,2.8181818181818183,3.6363636363636362,0.2727272727272727,0.2727272727272727,0.09090909090909091,0.36363636363636365,0.2727272727272727,0.2727272727272727,0.0,0.09090909090909091,0.2727272727272727,0.09090909090909091,0.18181818181818182,0.2727272727272727,0.0,11.0,True,2023-08-01
14667,15-1299.08,Computer Systems Engineers/Architects,"Provide advice on project costs, design concepts, or design changes.",Core,3.0,3.0,3.45,100.0,,,True,True,Providing Consultation and Advice to Others,4.A.4.b.6,2.3333333333333335,4.666666666666667,2.0,3.3333333333333335,4.333333333333333,4.0,3.0,True,3.5714285714285716,2.857142857142857,1.8571428571428572,3.857142857142857,1.7142857142857142,2.2857142857142856,1.0,4.0,4.285714285714286,3.5714285714285716,0.7142857142857143,0.2857142857142857,0.14285714285714285,0.2857142857142857,0.14285714285714285,0.42857142857142855,0.0,0.42857142857142855,0.42857142857142855,0.42857142857142855,0.2857142857142857,0.42857142857142855,0.42857142857142855,7.0,True,2024-08-01
14670,15-1299.08,Computer Systems Engineers/Architects,Collaborate with engineers or software developers to select appropriate design solutions or ensure the compatibility of system components.,Core,3.0,3.0,3.81,100.0,,,True,True,"Communicating with Supervisors, Peers, or Subordinates; Guiding, Directing, and Motivating Subordinates",4.A.4.a.2; 4.A.4.b.4,3.3333333333333335,3.3333333333333335,1.0,2.0,4.0,3.3333333333333335,3.0,True,3.0,3.0,1.375,3.0,1.5,3.0,1.375,3.75,3.625,3.875,0.75,0.375,0.375,0.125,0.0,0.25,0.0,0.625,0.5,0.25,0.75,0.625,0.5,8.0,True,2024-08-01
14671,15-1299.08,Computer Systems Engineers/Architects,"Evaluate current or emerging technologies to consider factors such as cost, portability, compatibility, or usability.",Core,3.0,3.0,3.45,95.45,,,True,True,"Judging the Qualities of Objects, Services, or People",4.A.2.a.1,3.0,3.0,1.0,2.6666666666666665,3.6666666666666665,2.3333333333333335,3.0,True,2.6,3.6,1.6,3.8,2.2,3.6,1.0,2.8,3.8,4.8,0.2,0.0,0.2,0.2,0.0,0.0,0.0,0.8,0.8,0.6,0.6,0.8,0.8,5.0,True,2024-08-01
14672,15-1299.08,Computer Systems Engineers/Architects,Provide technical guidance or support for the development or troubleshooting of systems.,Core,5.0,5.0,3.64,100.0,,,True,True,Providing Consultation and Advice to Others,4.A.4.b.6,3.3333333333333335,3.0,1.0,3.0,3.6666666666666665,2.6666666666666665,3.0,True,3.3333333333333335,3.0,1.6666666666666667,3.888888888888889,1.6666666666666667,3.0,1.6666666666666667,2.6666666666666665,3.3333333333333335,3.5555555555555554,0.7777777777777778,0.5555555555555556,0.3333333333333333,0.4444444444444444,0.4444444444444444,0.4444444444444444,0.0,0.6666666666666666,0.6666666666666666,0.3333333333333333,0.6666666666666666,0.6666666666666666,0.2222222222222222,9.0,True,2024-08-01
14673,15-1299.08,Computer Systems Engineers/Architects,"Identify system data, hardware, or software components required to meet user needs.",Core,3.0,3.0,3.95,100.0,,,True,True,Making Decisions and Solving Problems,4.A.2.b.1,3.0,3.3333333333333335,2.0,2.6666666666666665,3.3333333333333335,3.3333333333333335,3.0,True,2.5,2.8333333333333335,2.3333333333333335,3.6666666666666665,2.1666666666666665,2.8333333333333335,1.3333333333333333,3.6666666666666665,3.8333333333333335,4.0,0.3333333333333333,0.0,0.16666666666666666,0.0,0.0,0.16666666666666666,0.16666666666666666,0.6666666666666666,0.6666666666666666,0.3333333333333333,0.5,0.16666666666666666,0.16666666666666666,6.0,True,2024-08-01
14675,15-1299.08,Computer Systems Engineers/Architects,Monitor system operation to detect potential problems.,Core,5.0,5.0,4.09,100.0,,,True,True,"Monitoring Processes, Materials, or Surroundings",4.A.1.a.2,3.0,3.5,2.0,3.5,4.0,1.5,2.0,True,4.0,2.5,1.5,3.5,2.0,1.75,1.0,2.0,3.0,4.25,1.0,0.75,0.75,0.75,0.0,0.75,0.0,0.5,0.5,0.25,0.5,0.25,0.25,4.0,True,2024-08-01
14677,15-1299.08,Computer Systems Engineers/Architects,"Investigate system component suitability for specified purposes, and make recommendations regarding component use.",Core,5.0,5.0,4.19,95.45,,,True,True,"Judging the Qualities of Objects, Services, or People; Providing Consultation and Advice to Others",4.A.2.a.1; 4.A.4.b.6,,,,,,,,False,,,,,,,,,,,,,,,,,,,,,,,,,False,2024-08-01
14681,15-1299.08,Computer Systems Engineers/Architects,"Define and analyze objectives, scope, issues, or organizational impact of information systems.",Core,3.0,3.0,3.62,95.45,,,True,True,Thinking Creatively,4.A.2.b.2,2.6666666666666665,3.0,1.6666666666666667,3.0,3.3333333333333335,2.6666666666666665,3.0,True,2.0,2.6666666666666665,1.6666666666666667,4.333333333333333,1.6666666666666667,4.0,1.0,4.0,4.666666666666667,4.666666666666667,0.0,0.0,0.0,0.0,0.0,0.0,0.0,0.3333333333333333,0.3333333333333333,0.3333333333333333,0.3333333333333333,0.3333333333333333,0.3333333333333333,3.0,True,2024-08-01
14683,15-1299.08,Computer Systems Engineers/Architects,Design and conduct hardware or software tests.,Core,4.0,4.0,3.73,100.0,,,True,True,"Inspecting Equipment, Structures, or Materials",4.A.1.b.2,2.5,4.0,2.0,2.5,4.0,2.0,2.0,True,3.6,3.0,1.2,3.8,1.4,2.2,1.8,1.4,2.6,4.4,0.6,0.6,0.6,0.6,0.6,0.6,0.2,0.6,0.6,0.2,0.6,0.6,0.2,5.0,True,2024-08-01
14686,15-1299.08,Computer Systems Engineers/Architects,"Research, test, or verify proper functioning of software patches and fixes.",Core,3.0,3.0,3.91,100.0,,,True,True,"Getting Information; Inspecting Equipment, Structures, or Materials",4.A.1.a.1; 4.A.1.b.2,4.0,1.5,1.0,1.5,4.0,1.5,2.0,True,3.5714285714285716,2.7142857142857144,2.0,3.2857142857142856,2.0,2.2857142857142856,1.2857142857142858,2.0,2.7142857142857144,3.7142857142857144,0.7142857142857143,0.7142857142857143,0.7142857142857143,0.42857142857142855,0.2857142857142857,0.8571428571428571,0.0,0.5714285714285714,0.5714285714285714,0.2857142857142857,0.5714285714285714,0.42857142857142855,0.42857142857142855,7.0,True,2024-08-01
14687,15-1299.08,Computer Systems Engineers/Architects,"Communicate project information through presentations, technical reports, or white papers.",Core,3.0,3.0,3.37,86.36,,,True,True,"Documenting/Recording Information; Communicating with Supervisors, Peers, or Subordinates",4.A.3.b.6; 4.A.4.a.2,3.3333333333333335,2.6666666666666665,1.0,1.3333333333333333,3.3333333333333335,3.0,3.0,True,3.5,2.625,1.875,3.75,1.625,3.125,1.0,4.25,3.25,3.625,0.625,0.125,0.375,0.375,0.25,0.5,0.0,0.375,0.625,0.625,0.25,0.5,0.375,8.0,True,2024-08-01
1282,15-1232.00,Computer User Support Specialists,Answer user inquiries regarding computer software or hardware operation to resolve problems.,Core,7.0,7.0,3.79,99.06,64990.0,697210.0,False,False,Providing Consultation and Advice to Others,4.A.4.b.6,4.5,1.5,1.5,1.5,3.0,2.5,2.0,True,2.8,2.8,2.6,3.9,2.7,3.2,1.9,3.1,2.7,4.0,0.5,0.2,0.1,0.3,0.1,0.3,0.2,0.2,0.6,0.5,0.4,0.4,0.2,10.0,True,2023-08-01
1283,15-1232.00,Computer User Support Specialists,Enter commands and observe system functioning to verify correct operations and detect errors.,Core,5.0,5.0,3.57,83.18,64990.0,697210.0,False,False,"Inspecting Equipment, Structures, or Materials",4.A.1.b.2,4.666666666666667,1.3333333333333333,1.3333333333333333,1.6666666666666667,1.6666666666666667,1.3333333333333333,3.0,True,2.2857142857142856,2.857142857142857,2.2857142857142856,3.5714285714285716,3.0,3.2857142857142856,1.5714285714285714,3.142857142857143,3.2857142857142856,3.4285714285714284,0.14285714285714285,0.2857142857142857,0.2857142857142857,0.14285714285714285,0.0,0.14285714285714285,0.14285714285714285,0.2857142857142857,0.42857142857142855,0.42857142857142855,0.42857142857142855,0.2857142857142857,0.2857142857142857,7.0,True,2023-08-01
1285,15-1232.00,Computer User Support Specialists,Oversee the daily performance of computer systems.,Core,5.0,5.0,3.99,87.52,64990.0,697210.0,False,False,"Monitoring Processes, Materials, or Surroundings",4.A.1.a.2,5.0,1.0,1.0,1.0,1.5,1.0,2.0,True,2.75,2.875,2.25,3.125,2.375,3.25,1.375,2.0,3.125,3.5,0.625,0.25,0.625,0.0,0.125,0.25,0.125,0.375,0.25,0.375,0.375,0.125,0.25,8.0,True,2023-08-01
1287,15-1232.00,Computer User Support Specialists,"Maintain records of daily data communication transactions, problems and remedial actions taken, or installation activities.",Core,5.0,5.0,3.47,97.96,64990.0,697210.0,False,False,Documenting/Recording Information,4.A.3.b.6,4.666666666666667,1.3333333333333333,1.3333333333333333,2.0,1.3333333333333333,2.0,3.0,True,4.5,2.8333333333333335,2.5,3.3333333333333335,1.5,1.5,1.0,1.5,1.5,3.0,0.8333333333333334,1.0,0.0,0.3333333333333333,0.0,0.5,0.0,0.0,0.16666666666666666,0.5,0.16666666666666666,0.5,0.0,6.0,True,2023-08-01
1288,15-1232.00,Computer User Support Specialists,"Read technical manuals, confer with users, or conduct computer diagnostics to investigate and resolve problems or to provide technical assistance and support.",Core,6.0,6.0,3.94,100.0,64990.0,697210.0,False,False,"Getting Information; Working with Computers; Communicating with Supervisors, Peers, or Subordinates",4.A.1.a.1; 4.A.3.b.1; 4.A.4.a.2,3.6666666666666665,3.0,1.6666666666666667,3.0,3.3333333333333335,2.6666666666666665,3.0,True,3.0,2.7,2.2,3.6,2.1,2.7,1.8,2.9,2.8,3.7,0.6,0.7,0.4,0.2,0.1,0.3,0.2,0.2,0.3,0.5,0.4,0.3,0.2,10.0,True,2023-08-01
1290,15-1232.00,Computer User Support Specialists,"Develop training materials and procedures, or train users in the proper use of hardware or software.",Core,3.0,3.0,3.3,100.0,64990.0,697210.0,False,False,Training and Teaching Others,4.A.4.b.3,2.3333333333333335,4.0,2.3333333333333335,2.3333333333333335,3.3333333333333335,3.6666666666666665,3.0,True,3.0,3.0,1.4444444444444444,2.6666666666666665,2.0,2.7777777777777777,1.7777777777777777,3.0,1.5555555555555556,3.2222222222222223,0.4444444444444444,0.3333333333333333,0.0,0.2222222222222222,0.1111111111111111,0.3333333333333333,0.2222222222222222,0.2222222222222222,0.5555555555555556,0.4444444444444444,0.3333333333333333,0.1111111111111111,0.1111111111111111,9.0,True,2023-08-01
1292,15-1232.00,Computer User Support Specialists,"Prepare evaluations of software or hardware, and recommend improvements or upgrades.",Core,3.0,3.0,3.39,97.96,64990.0,697210.0,False,False,"Judging the Qualities of Objects, Services, or People; Providing Consultation and Advice to Others",4.A.2.a.1; 4.A.4.b.6,3.0,2.6666666666666665,1.0,2.0,2.6666666666666665,3.0,3.0,True,2.625,3.375,1.75,3.125,1.875,2.875,2.5,2.625,3.0,3.625,0.375,0.375,0.125,0.0,0.0,0.25,0.25,0.5,0.625,0.375,0.5,0.375,0.375,8.0,True,2023-08-01
14623,15-1221.00,Computer and Information Research Scientists,Analyze problems to develop solutions involving computer hardware and software.,Core,5.0,5.0,4.24,96.77,152310.0,38480.0,False,False,Analyzing Data or Information,4.A.2.a.4,2.3333333333333335,3.3333333333333335,1.6666666666666667,2.3333333333333335,3.0,1.6666666666666667,3.0,True,3.7777777777777777,3.5555555555555554,3.4444444444444446,3.7777777777777777,2.3333333333333335,3.7777777777777777,2.3333333333333335,2.4444444444444446,3.111111111111111,3.7777777777777777,0.6666666666666666,0.4444444444444444,0.3333333333333333,0.3333333333333333,0.0,0.7777777777777778,0.3333333333333333,0.6666666666666666,0.5555555555555556,0.3333333333333333,0.5555555555555556,0.2222222222222222,0.0,9.0,True,2019-08-01
14624,15-1221.00,Computer and Information Research Scientists,Assign or schedule tasks to meet work priorities and goals.,Core,3.0,3.0,3.76,82.77,152310.0,38480.0,False,False,"Guiding, Directing, and Motivating Subordinates",4.A.4.b.4,3.0,3.5,1.5,3.0,3.0,2.5,2.0,True,3.7,3.3,2.6,3.3,1.8,2.7,1.8,3.1,2.8,3.3,0.7,0.6,0.5,0.5,0.2,0.4,0.1,0.2,0.2,0.3,0.3,0.5,0.2,10.0,True,2019-08-01
14625,15-1221.00,Computer and Information Research Scientists,Evaluate project plans and proposals to assess feasibility issues.,Core,3.0,3.0,3.46,83.23,152310.0,38480.0,False,False,"Judging the Qualities of Objects, Services, or People",4.A.2.a.1,4.0,3.5,1.5,3.0,2.5,3.0,2.0,True,4.1,3.3,2.2,2.6,1.9,2.7,1.6,2.6,2.5,3.5,0.7,0.3,0.7,0.3,0.2,0.6,0.1,0.4,0.5,0.1,0.2,0.3,0.2,10.0,True,2019-08-01
14626,15-1221.00,Computer and Information Research Scientists,"Apply theoretical expertise and innovation to create or apply new technology, such as adapting principles for applying computers to new uses.",Core,5.0,5.0,3.89,83.84,152310.0,38480.0,False,False,Thinking Creatively,4.A.2.b.2,1.6666666666666667,5.0,1.3333333333333333,3.3333333333333335,4.0,3.3333333333333335,3.0,True,3.3333333333333335,3.4444444444444446,2.7777777777777777,3.6666666666666665,3.2222222222222223,3.4444444444444446,1.8888888888888888,2.5555555555555554,2.888888888888889,3.888888888888889,0.5555555555555556,0.2222222222222222,0.3333333333333333,0.2222222222222222,0.3333333333333333,0.5555555555555556,0.2222222222222222,0.2222222222222222,0.5555555555555556,0.1111111111111111,0.4444444444444444,0.1111111111111111,0.1111111111111111,9.0,True,2019-08-01
14633,15-1221.00,Computer and Information Research Scientists,Design computers and the software that runs them.,Core,7.0,7.0,3.63,80.36,152310.0,38480.0,False,False,Thinking Creatively,4.A.2.b.2,2.6666666666666665,3.0,1.6666666666666667,2.6666666666666665,4.333333333333333,2.3333333333333335,3.0,True,3.6666666666666665,3.2222222222222223,2.2222222222222223,3.111111111111111,2.3333333333333335,2.888888888888889,2.3333333333333335,2.6666666666666665,2.888888888888889,4.0,0.6666666666666666,0.3333333333333333,0.6666666666666666,0.2222222222222222,0.3333333333333333,0.6666666666666666,0.3333333333333333,0.2222222222222222,0.6666666666666666,0.3333333333333333,0.6666666666666666,0.5555555555555556,0.2222222222222222,9.0,True,2019-08-01
14636,15-1221.00,Computer and Information Research Scientists,"Approve, prepare, monitor, and adjust operational budgets.",Supplemental,3.0,3.0,2.77,63.71,152310.0,38480.0,False,False,"Guiding, Directing, and Motivating Subordinates",4.A.4.b.4,2.5,4.0,1.5,3.5,3.5,3.0,2.0,True,4.166666666666667,3.5,2.0,2.1666666666666665,1.1666666666666667,1.8333333333333333,2.3333333333333335,3.3333333333333335,3.3333333333333335,3.3333333333333335,0.5,0.6666666666666666,0.16666666666666666,0.3333333333333333,0.0,0.16666666666666666,0.3333333333333333,0.3333333333333333,0.3333333333333333,0.16666666666666666,0.16666666666666666,0.3333333333333333,0.16666666666666666,6.0,True,2019-08-01
966,11-3021.00,Computer and Information Systems Managers,"Manage backup, security and user help systems.",Supplemental,5.0,5.0,4.19,65.58,187990.0,645970.0,False,False,Thinking Creatively,4.A.2.b.2,3.5,2.5,1.0,2.0,3.5,2.0,2.0,True,3.0,2.8,2.9,3.6,2.6,3.4,2.4,2.8,2.9,2.8,0.4,0.2,0.3,0.0,0.1,0.3,0.0,0.0,0.0,0.0,0.0,0.0,0.0,10.0,True,2016-07-01
969,11-3021.00,Computer and Information Systems Managers,"Assign and review the work of systems analysts, programmers, and other computer-related workers.",Core,5.0,5.0,4.04,92.97,187990.0,645970.0,False,False,"Judging the Qualities of Objects, Services, or People",4.A.2.a.1,2.0,3.5,1.5,2.0,2.5,2.5,2.0,True,3.5,2.4,2.6,3.7,2.0,3.3,2.1,2.9,2.7,3.0,0.5,0.2,0.1,0.2,0.2,0.4,0.0,0.1,0.0,0.1,0.0,0.1,0.0,10.0,True,2016-07-01
970,11-3021.00,Computer and Information Systems Managers,Stay abreast of advances in technology.,Core,4.0,4.0,3.88,100.0,187990.0,645970.0,False,False,Updating and Using Relevant Knowledge,4.A.2.b.3,2.5,3.5,1.0,1.0,4.0,1.0,2.0,True,3.3,2.3,1.7,2.8,1.7,2.9,1.6,1.9,2.5,2.8,0.4,0.3,0.1,0.1,0.1,0.3,0.0,0.0,0.0,0.0,0.0,0.0,0.0,10.0,True,2016-07-01
971,11-3021.00,Computer and Information Systems Managers,"Develop computer information resources, providing for data security and control, strategic computing, and disaster recovery.",Core,3.0,3.0,3.94,81.61,187990.0,645970.0,False,False,Thinking Creatively,4.A.2.b.2,3.0,2.5,1.5,2.5,3.5,1.5,2.0,True,3.6,2.8,2.9,3.3,2.4,3.1,2.2,3.1,3.1,3.7,0.6,0.2,0.5,0.2,0.2,0.3,0.1,0.1,0.0,0.0,0.0,0.1,0.0,10.0,True,2016-07-01
972,11-3021.00,Computer and Information Systems Managers,Review and approve all systems charts and programs prior to their implementation.,Core,3.0,3.0,3.68,87.19,187990.0,645970.0,False,False,"Getting Information; Judging the Qualities of Objects, Services, or People",4.A.1.a.1; 4.A.2.a.1,2.5,3.0,2.0,2.0,2.5,1.5,2.0,True,2.7,2.8,2.8,3.9,2.6,3.5,2.8,3.4,3.2,3.5,0.3,0.2,0.3,0.0,0.0,0.1,0.0,0.0,0.0,0.1,0.0,0.1,0.0,10.0,True,2016-07-01
974,11-3021.00,Computer and Information Systems Managers,Control operational budget and expenditures.,Core,3.0,3.0,3.53,84.33,187990.0,645970.0,False,False,"Guiding, Directing, and Motivating Subordinates",4.A.4.b.4,2.0,3.0,2.0,2.5,2.5,1.5,2.0,True,3.7,3.4,2.8,3.5,2.5,3.7,2.2,3.3,4.1,3.7,0.6,0.1,0.6,0.2,0.1,0.3,0.0,0.0,0.0,0.0,0.0,0.0,0.0,10.0,True,2016-07-01
978,11-3021.00,Computer and Information Systems Managers,Review project plans to plan and coordinate project activity.,Core,3.0,3.0,4.08,99.97,187990.0,645970.0,False,False,"Guiding, Directing, and Motivating Subordinates",4.A.4.b.4,2.0,4.0,1.0,2.5,3.5,4.0,2.0,True,3.2,3.0,2.2,2.6,2.0,2.5,2.1,3.3,2.7,3.4,0.4,0.3,0.4,0.4,0.0,0.2,0.0,0.0,0.0,0.0,0.0,0.0,0.0,10.0,True,2016-07-01
979,11-3021.00,Computer and Information Systems Managers,Evaluate data processing proposals to assess project feasibility and requirements.,Core,3.0,3.0,3.59,70.83,187990.0,645970.0,False,False,"Judging the Qualities of Objects, Services, or People",4.A.2.a.1,2.0,2.5,1.5,2.0,3.5,1.5,2.0,True,3.6,3.0,2.9,3.6,2.1,3.2,2.9,3.4,2.9,3.6,0.5,0.1,0.3,0.1,0.2,0.4,0.0,0.0,0.0,0.0,0.0,0.0,0.0,10.0,True,2016-07-01
980,11-3021.00,Computer and Information Systems Managers,Prepare and review operational reports or project progress reports.,Core,5.0,5.0,3.63,95.71,187990.0,645970.0,False,False,Documenting/Recording Information,4.A.3.b.6,3.5,2.5,1.0,2.5,3.0,2.5,2.0,True,3.1818181818181817,2.5454545454545454,2.3636363636363638,2.909090909090909,2.3636363636363638,3.090909090909091,2.1818181818181817,2.8181818181818183,2.5454545454545454,2.727272727272727,0.36363636363636365,0.2727272727272727,0.18181818181818182,0.09090909090909091,0.0,0.36363636363636365,0.0,0.09090909090909091,0.09090909090909091,0.09090909090909091,0.0,0.0,0.0,11.0,True,2016-07-01
16118,15-1243.01,Data Warehousing Specialists,Provide or coordinate troubleshooting support for data warehouses.,Core,3.0,3.0,3.91,100.0,,,True,True,Working with Computers,4.A.3.b.1,,,,,,,,False,,,,,,,,,,,,,,,,,,,,,,,,,False,2018-08-01
16119,15-1243.01,Data Warehousing Specialists,Prepare functional or technical documentation for data warehouses.,Core,3.0,3.0,3.32,95.65,,,True,True,Documenting/Recording Information,4.A.3.b.6,,,,,,,,False,,,,,,,,,,,,,,,,,,,,,,,,,False,2018-08-01
16120,15-1243.01,Data Warehousing Specialists,"Write new programs or modify existing programs to meet customer requirements, using current programming languages and technologies.",Core,5.0,5.0,3.91,100.0,,,True,True,Thinking Creatively; Working with Computers,4.A.2.b.2; 4.A.3.b.1,,,,,,,,False,,,,,,,,,,,,,,,,,,,,,,,,,False,2018-08-01
16121,15-1243.01,Data Warehousing Specialists,"Verify the structure, accuracy, or quality of warehouse data.",Core,5.0,5.0,4.43,100.0,,,True,True,Processing Information,4.A.2.a.2,,,,,,,,False,,,,,,,,,,,,,,,,,,,,,,,,,False,2018-08-01
16123,15-1243.01,Data Warehousing Specialists,"Perform system analysis, data analysis or programming, using a variety of computer languages and procedures.",Core,5.0,5.0,3.83,100.0,,,True,True,Analyzing Data or Information; Thinking Creatively; Working with Computers,4.A.2.a.4; 4.A.2.b.2; 4.A.3.b.1,,,,,,,,False,,,,,,,,,,,,,,,,,,,,,,,,,False,2018-08-01
16124,15-1243.01,Data Warehousing Specialists,"Map data between source systems, data warehouses, and data marts.",Core,4.0,4.0,4.22,100.0,,,True,True,Thinking Creatively,4.A.2.b.2,,,,,,,,False,,,,,,,,,,,,,,,,,,,,,,,,,False,2018-08-01
16125,15-1243.01,Data Warehousing Specialists,"Implement business rules via stored procedures, middleware, or other technologies.",Core,3.0,3.0,3.55,95.65,,,True,True,Making Decisions and Solving Problems; Thinking Creatively,4.A.2.b.1; 4.A.2.b.2,,,,,,,,False,,,,,,,,,,,,,,,,,,,,,,,,,False,2018-08-01
16126,15-1243.01,Data Warehousing Specialists,"Develop and implement data extraction procedures from other systems, such as administration, billing, or claims.",Core,3.0,3.0,4.13,100.0,,,True,True,Developing Objectives and Strategies,4.A.2.b.4,,,,,,,,False,,,,,,,,,,,,,,,,,,,,,,,,,False,2018-08-01
16128,15-1243.01,Data Warehousing Specialists,Design and implement warehouse database structures.,Core,4.0,4.0,4.09,100.0,,,True,True,Thinking Creatively,4.A.2.b.2,,,,,,,,False,,,,,,,,,,,,,,,,,,,,,,,,,False,2018-08-01
16130,15-1243.01,Data Warehousing Specialists,"Create plans, test files, and scripts for data warehouse testing, ranging from unit to integration testing.",Core,3.0,3.0,3.61,100.0,,,True,True,Developing Objectives and Strategies,4.A.2.b.4,,,,,,,,False,,,,,,,,,,,,,,,,,,,,,,,,,False,2018-08-01
16132,15-1243.01,Data Warehousing Specialists,"Develop data warehouse process models, including sourcing, loading, transformation, and extraction.",Core,5.0,5.0,4.43,100.0,,,True,True,Thinking Creatively,4.A.2.b.2,,,,,,,,False,,,,,,,,,,,,,,,,,,,,,,,,,False,2018-08-01
1299,15-1242.00,Database Administrators,Modify existing databases and database management systems or direct programmers and analysts to make changes.,Core,3.0,3.0,4.0,100.0,107440.0,73180.0,False,False,Thinking Creatively; Working with Computers,4.A.2.b.2; 4.A.3.b.1,4.5,1.5,1.5,1.5,2.0,2.0,2.0,True,2.1666666666666665,2.3333333333333335,1.8333333333333333,2.8333333333333335,2.3333333333333335,2.6666666666666665,2.0,2.8333333333333335,2.5,2.8333333333333335,0.16666666666666666,0.16666666666666666,0.16666666666666666,0.0,0.16666666666666666,0.16666666666666666,0.0,0.16666666666666666,0.0,0.0,0.16666666666666666,0.0,0.0,6.0,True,2023-08-01
1300,15-1242.00,Database Administrators,"Test programs or databases, correct errors, and make necessary modifications.",Core,5.0,5.0,3.68,99.48,107440.0,73180.0,False,False,"Judging the Qualities of Objects, Services, or People; Thinking Creatively",4.A.2.a.1; 4.A.2.b.2,4.0,2.0,1.0,2.0,2.6666666666666665,1.6666666666666667,3.0,True,3.25,2.625,2.625,3.0,2.125,2.875,2.0,3.0,2.5,2.75,0.375,0.5,0.375,0.125,0.0,0.625,0.0,0.0,0.25,0.0,0.25,0.0,0.125,8.0,True,2023-08-01
1301,15-1242.00,Database Administrators,"Plan, coordinate, and implement security measures to safeguard information in computer files against accidental or unauthorized damage, modification or disclosure.",Core,3.0,3.0,3.93,82.45,107440.0,73180.0,False,False,Developing Objectives and Strategies; Working with Computers,4.A.2.b.4; 4.A.3.b.1,2.3333333333333335,3.6666666666666665,1.0,3.6666666666666665,4.0,2.6666666666666665,3.0,True,2.3333333333333335,2.6666666666666665,2.0,3.1666666666666665,1.8333333333333333,2.6666666666666665,2.1666666666666665,2.6666666666666665,2.5,2.6666666666666665,0.3333333333333333,0.0,0.3333333333333333,0.16666666666666666,0.0,0.16666666666666666,0.3333333333333333,0.16666666666666666,0.3333333333333333,0.0,0.5,0.16666666666666666,0.0,6.0,True,2023-08-01
1305,15-1242.00,Database Administrators,Specify users and user access levels for each segment of database.,Core,3.0,3.0,3.8,86.81,107440.0,73180.0,False,False,Working with Computers,4.A.3.b.1,4.0,2.5,1.5,2.0,3.0,2.0,2.0,True,2.5,2.3333333333333335,1.6666666666666667,2.0,2.3333333333333335,2.0,2.0,2.5,2.6666666666666665,2.6666666666666665,0.16666666666666666,0.16666666666666666,0.0,0.0,0.0,0.3333333333333333,0.0,0.0,0.0,0.0,0.16666666666666666,0.0,0.0,6.0,True,2023-08-01
1313,15-1242.00,Database Administrators,"Write and code logical and physical database descriptions and specify identifiers of database to management system, or direct others in coding descriptions.",Core,4.0,4.0,3.15,95.17,107440.0,73180.0,False,False,Thinking Creatively; Working with Computers,4.A.2.b.2; 4.A.3.b.1,4.5,1.5,1.0,1.5,2.0,1.5,2.0,True,1.6666666666666667,2.6666666666666665,1.3333333333333333,2.3333333333333335,2.6666666666666665,2.6666666666666665,2.0,2.3333333333333335,2.3333333333333335,2.6666666666666665,0.0,0.0,0.0,0.0,0.0,0.0,0.3333333333333333,0.3333333333333333,0.3333333333333333,0.3333333333333333,0.3333333333333333,0.3333333333333333,0.3333333333333333,3.0,True,2023-08-01
1314,15-1242.00,Database Administrators,"Review workflow charts developed by programmer analyst to understand tasks computer will perform, such as updating records.",Supplemental,3.0,3.0,2.78,73.62,107440.0,73180.0,False,False,Getting Information,4.A.1.a.1,4.0,2.0,1.3333333333333333,1.6666666666666667,2.0,2.3333333333333335,3.0,True,2.5714285714285716,2.857142857142857,2.0,2.5714285714285716,2.142857142857143,2.4285714285714284,2.5714285714285716,2.4285714285714284,2.4285714285714284,2.857142857142857,0.0,0.0,0.42857142857142855,0.14285714285714285,0.0,0.14285714285714285,0.14285714285714285,0.0,0.14285714285714285,0.0,0.2857142857142857,0.14285714285714285,0.0,7.0,True,2023-08-01
16104,15-1243.00,Database Architects,Identify and correct deviations from database development standards.,Core,4.0,4.0,3.57,100.0,142620.0,64770.0,False,False,Working with Computers,4.A.3.b.1,,,,,,,,False,,,,,,,,,,,,,,,,,,,,,,,,,False,2023-08-01
16106,15-1243.00,Database Architects,"Develop or maintain archived procedures, procedural codes, or queries for applications.",Core,3.0,3.0,3.25,95.24,142620.0,64770.0,False,False,Developing Objectives and Strategies,4.A.2.b.4,,,,,,,,False,,,,,,,,,,,,,,,,,,,,,,,,,False,2023-08-01
16108,15-1243.00,Database Architects,"Develop data models for applications, metadata tables, views or related database structures.",Core,4.0,4.0,4.1,100.0,142620.0,64770.0,False,False,Thinking Creatively,4.A.2.b.2,,,,,,,,False,,,,,,,,,,,,,,,,,,,,,,,,,False,2023-08-01
16111,15-1243.00,Database Architects,"Demonstrate database technical functionality, such as performance, security and reliability.",Core,4.0,4.0,3.76,100.0,142620.0,64770.0,False,False,"Judging the Qualities of Objects, Services, or People",4.A.2.a.1,,,,,,,,False,,,,,,,,,,,,,,,,,,,,,,,,,False,2023-08-01
21715,15-1299.02,Geographic Information Systems Technologists and Technicians,"Produce data layers, maps, tables, or reports, using spatial analysis procedures or Geographic Information Systems (GIS) technology, equipment, or systems.",Core,5.0,5.0,4.61,100.0,,,True,True,Thinking Creatively; Documenting/Recording Information,4.A.2.b.2; 4.A.3.b.6,,,,,,,,False,,,,,,,,,,,,,,,,,,,,,,,,,False,2020-11-01
21716,15-1299.02,Geographic Information Systems Technologists and Technicians,"Design or prepare graphic representations of Geographic Information Systems (GIS) data, using GIS hardware or software applications.",Core,5.0,5.0,4.53,96.24,,,True,True,Thinking Creatively,4.A.2.b.2,,,,,,,,False,,,,,,,,,,,,,,,,,,,,,,,,,False,2020-11-01
21717,15-1299.02,Geographic Information Systems Technologists and Technicians,Maintain or modify existing Geographic Information Systems (GIS) databases.,Core,4.0,4.0,4.4,98.31,,,True,True,Thinking Creatively; Working with Computers,4.A.2.b.2; 4.A.3.b.1,,,,,,,,False,,,,,,,,,,,,,,,,,,,,,,,,,False,2020-11-01
21719,15-1299.02,Geographic Information Systems Technologists and Technicians,"Perform computer programming, data analysis, or software development for Geographic Information Systems (GIS) applications, including the maintenance of existing systems or research and development for future enhancements.",Core,5.0,5.0,4.24,91.3,,,True,True,Thinking Creatively; Working with Computers,4.A.2.b.2; 4.A.3.b.1,,,,,,,,False,,,,,,,,,,,,,,,,,,,,,,,,,False,2020-11-01
21720,15-1299.02,Geographic Information Systems Technologists and Technicians,"Enter data into Geographic Information Systems (GIS) databases, using techniques such as coordinate geometry, keyboard entry of tabular data, manual digitizing of maps, scanning or automatic conversion to vectors, or conversion of other sources of digital data.",Core,3.0,3.0,4.08,99.13,,,True,True,Working with Computers,4.A.3.b.1,,,,,,,,False,,,,,,,,,,,,,,,,,,,,,,,,,False,2020-11-01
21721,15-1299.02,Geographic Information Systems Technologists and Technicians,"Review existing or incoming data for currency, accuracy, usefulness, quality, or completeness of documentation.",Core,3.0,3.0,4.06,99.56,,,True,True,Processing Information,4.A.2.a.2,,,,,,,,False,,,,,,,,,,,,,,,,,,,,,,,,,False,2020-11-01
21722,15-1299.02,Geographic Information Systems Technologists and Technicians,"Perform geospatial data building, modeling, or analysis, using advanced spatial analysis, data manipulation, or cartography software.",Core,4.0,4.0,4.03,99.56,,,True,True,Thinking Creatively,4.A.2.b.2,,,,,,,,False,,,,,,,,,,,,,,,,,,,,,,,,,False,2020-11-01
21723,15-1299.02,Geographic Information Systems Technologists and Technicians,Design or coordinate the development of integrated Geographic Information Systems (GIS) spatial or non-spatial databases.,Core,3.0,3.0,4.01,91.59,,,True,True,Thinking Creatively,4.A.2.b.2,,,,,,,,False,,,,,,,,,,,,,,,,,,,,,,,,,False,2020-11-01
21724,15-1299.02,Geographic Information Systems Technologists and Technicians,Perform integrated or computerized Geographic Information Systems (GIS) analyses to address scientific problems.,Core,3.0,3.0,4.0,86.96,,,True,True,Analyzing Data or Information,4.A.2.a.4,,,,,,,,False,,,,,,,,,,,,,,,,,,,,,,,,,False,2020-11-01
21725,15-1299.02,Geographic Information Systems Technologists and Technicians,Select cartographic elements needed for effective presentation of information.,Core,5.0,5.0,3.98,100.0,,,True,True,Thinking Creatively,4.A.2.b.2,,,,,,,,False,,,,,,,,,,,,,,,,,,,,,,,,,False,2020-11-01
21726,15-1299.02,Geographic Information Systems Technologists and Technicians,"Provide technical support to users or clients regarding the maintenance, development, or operation of Geographic Information Systems (GIS) databases, equipment, or applications.",Core,3.0,3.0,3.97,92.91,,,True,True,Providing Consultation and Advice to Others,4.A.4.b.6,,,,,,,,False,,,,,,,,,,,,,,,,,,,,,,,,,False,2020-11-01
21728,15-1299.02,Geographic Information Systems Technologists and Technicians,Interpret aerial or ortho photographs.,Core,4.0,4.0,3.9,81.93,,,True,True,Analyzing Data or Information,4.A.2.a.4,,,,,,,,False,,,,,,,,,,,,,,,,,,,,,,,,,False,2020-11-01
21730,15-1299.02,Geographic Information Systems Technologists and Technicians,"Document, design, code, or test Geographic Information Systems (GIS) models, internet mapping solutions, or other applications.",Core,3.0,3.0,3.73,95.65,,,True,True,"Inspecting Equipment, Structures, or Materials; Thinking Creatively; Documenting/Recording Information",4.A.1.b.2; 4.A.2.b.2; 4.A.3.b.6,,,,,,,,False,,,,,,,,,,,,,,,,,,,,,,,,,False,2020-11-01
21731,15-1299.02,Geographic Information Systems Technologists and Technicians,"Create, analyze, report, convert, or transfer data, using specialized applications program software.",Core,4.0,4.0,3.71,91.3,,,True,True,Analyzing Data or Information; Working with Computers,4.A.2.a.4; 4.A.3.b.1,,,,,,,,False,,,,,,,,,,,,,,,,,,,,,,,,,False,2020-11-01
21733,15-1299.02,Geographic Information Systems Technologists and Technicians,"Design, program, or model Geographic Information Systems (GIS) applications or procedures.",Core,3.0,3.0,3.57,91.3,,,True,True,Thinking Creatively; Working with Computers,4.A.2.b.2; 4.A.3.b.1,,,,,,,,False,,,,,,,,,,,,,,,,,,,,,,,,,False,2020-11-01
21737,15-1299.02,Geographic Information Systems Technologists and Technicians,"Create visual representations of geospatial data, using complex procedures such as analytical modeling, three-dimensional renderings, or plot creation.",Core,4.0,4.0,3.36,95.65,,,True,True,Thinking Creatively,4.A.2.b.2,,,,,,,,False,,,,,,,,,,,,,,,,,,,,,,,,,False,2020-11-01
21738,15-1299.02,Geographic Information Systems Technologists and Technicians,Transfer or rescale information from original photographs onto maps or other photographs.,Core,5.0,5.0,3.33,84.81,,,True,True,Thinking Creatively,4.A.2.b.2,,,,,,,,False,,,,,,,,,,,,,,,,,,,,,,,,,False,2020-11-01
5314,15-1212.00,Information Security Analysts,"Develop plans to safeguard computer files against accidental or unauthorized modification, destruction, or disclosure and to meet emergency data processing needs.",Core,4.0,4.0,4.4,97.12,127730.0,179430.0,False,False,Developing Objectives and Strategies,4.A.2.b.4,2.3333333333333335,4.0,1.0,3.6666666666666665,4.0,2.3333333333333335,3.0,True,2.6666666666666665,3.2222222222222223,2.4444444444444446,2.888888888888889,1.8888888888888888,3.888888888888889,2.5555555555555554,3.0,3.4444444444444446,3.888888888888889,0.5555555555555556,0.3333333333333333,0.3333333333333333,0.1111111111111111,0.2222222222222222,0.5555555555555556,0.3333333333333333,0.2222222222222222,0.1111111111111111,0.1111111111111111,0.3333333333333333,0.0,0.2222222222222222,9.0,True,2018-08-01
5316,15-1212.00,Information Security Analysts,Monitor current reports of computer viruses to determine when to update virus protection systems.,Core,5.0,5.0,4.23,82.36,127730.0,179430.0,False,False,Updating and Using Relevant Knowledge,4.A.2.b.3,3.0,2.5,1.5,3.0,4.0,2.0,2.0,True,3.375,2.5,2.125,3.5,1.5,3.875,1.375,2.25,2.625,3.5,0.75,0.125,0.375,0.125,0.125,0.375,0.0,0.125,0.0,0.0,0.125,0.0,0.0,8.0,True,2018-08-01
5317,15-1212.00,Information Security Analysts,"Modify computer security files to incorporate new software, correct errors, or change individual access status.",Core,3.0,3.0,4.1,88.02,127730.0,179430.0,False,False,Working with Computers,4.A.3.b.1,3.5,3.0,2.0,3.5,4.0,2.0,2.0,True,2.625,3.375,2.5,3.625,1.5,3.875,2.625,2.75,3.875,3.625,0.5,0.0,0.375,0.125,0.0,0.375,0.25,0.25,0.125,0.25,0.375,0.25,0.375,8.0,True,2018-08-01
5319,15-1212.00,Information Security Analysts,Monitor use of data files and regulate access to safeguard information in computer files.,Core,5.0,5.0,3.89,88.34,127730.0,179430.0,False,False,"Monitoring Processes, Materials, or Surroundings",4.A.1.a.2,3.0,4.0,1.0,3.5,4.0,2.5,2.0,True,3.7,2.7,2.7,2.8,1.9,3.2,1.9,1.9,3.0,3.6,0.6,0.5,0.6,0.0,0.0,0.5,0.1,0.2,0.0,0.1,0.4,0.2,0.3,10.0,True,2018-08-01
5322,15-1212.00,Information Security Analysts,"Document computer security and emergency measures policies, procedures, and tests.",Core,3.0,3.0,3.94,99.23,127730.0,179430.0,False,False,Documenting/Recording Information,4.A.3.b.6,3.5,2.5,1.0,2.5,3.0,2.5,2.0,True,3.4,2.4,2.4,3.3,2.2,2.6,2.3,2.3,2.9,3.3,0.6,0.5,0.5,0.1,0.1,0.5,0.2,0.3,0.4,0.2,0.2,0.2,0.2,10.0,True,2018-08-01
16151,15-1299.09,Information Technology Project Managers,Perform risk assessments to develop response strategies.,Core,4.0,4.0,4.05,100.0,,,True,True,Analyzing Data or Information,4.A.2.a.4,2.0,4.0,2.0,3.5,4.0,4.0,2.0,True,3.0,3.5,2.6,3.4,2.3,3.2,2.3,3.2,3.4,3.5,0.5,0.1,0.4,0.1,0.3,0.1,0.2,0.4,0.2,0.5,0.2,0.3,0.1,10.0,True,2019-08-01
16152,15-1299.09,Information Technology Project Managers,"Submit project deliverables, ensuring adherence to quality standards.",Core,3.0,3.0,4.25,95.24,,,True,True,"Monitoring Processes, Materials, or Surroundings; Judging the Qualities of Objects, Services, or People",4.A.1.a.2; 4.A.2.a.1,2.3333333333333335,3.3333333333333335,2.3333333333333335,2.3333333333333335,3.3333333333333335,3.3333333333333335,3.0,True,2.7,2.9,2.2,3.5,2.2,3.1,2.1,3.2,2.5,3.7,0.3,0.2,0.2,0.0,0.2,0.3,0.1,0.5,0.5,0.4,0.4,0.2,0.2,10.0,True,2019-08-01
16157,15-1299.09,Information Technology Project Managers,Monitor or track project milestones and deliverables.,Core,5.0,5.0,4.29,100.0,,,True,True,"Monitoring Processes, Materials, or Surroundings",4.A.1.a.2,2.3333333333333335,4.0,1.3333333333333333,2.6666666666666665,3.0,4.666666666666667,3.0,True,3.3,2.9,1.9,3.2,1.9,2.6,1.9,3.7,3.1,3.2,0.6,0.4,0.5,0.0,0.0,0.4,0.0,0.3,0.3,0.6,0.6,0.6,0.2,10.0,True,2019-08-01
16159,15-1299.09,Information Technology Project Managers,"Initiate, review, or approve modifications to project plans.",Core,3.0,3.0,4.2,100.0,,,True,True,"Organizing, Planning, and Prioritizing Work",4.A.2.b.6,3.3333333333333335,3.6666666666666665,1.6666666666666667,3.6666666666666665,3.0,3.3333333333333335,3.0,True,2.8,2.9,2.2,3.5,1.7,3.1,2.1,3.1,2.7,3.7,0.4,0.5,0.3,0.1,0.0,0.1,0.1,0.5,0.4,0.3,0.4,0.3,0.0,10.0,True,2019-08-01
16167,15-1299.09,Information Technology Project Managers,"Assign duties, responsibilities, and spans of authority to project personnel.",Core,4.0,4.0,3.79,100.0,,,True,True,"Guiding, Directing, and Motivating Subordinates",4.A.4.b.4,2.0,4.333333333333333,1.3333333333333333,3.3333333333333335,2.6666666666666665,4.0,3.0,True,2.6,3.6,2.8,3.1,2.8,2.9,2.6,3.6,3.3,3.2,0.4,0.2,0.2,0.1,0.0,0.1,0.2,0.2,0.2,0.5,0.4,0.1,0.2,10.0,True,2019-08-01
16168,15-1299.09,Information Technology Project Managers,"Prepare project status reports by collecting, analyzing, and summarizing information and trends.",Core,3.0,3.0,4.0,100.0,,,True,True,Analyzing Data or Information; Documenting/Recording Information,4.A.2.a.4; 4.A.3.b.6,4.5,1.5,1.0,1.5,3.0,2.5,2.0,True,3.0,2.9,2.6,3.0,1.8,2.0,2.3,2.2,2.4,2.8,0.5,0.3,0.4,0.4,0.3,0.2,0.3,0.2,0.5,0.3,0.4,0.2,0.3,10.0,True,2019-08-01
16170,15-1299.09,Information Technology Project Managers,"Develop or update project plans for information technology projects including information such as project objectives, technologies, systems, information specifications, schedules, funding, and staffing.",Core,4.0,4.0,4.05,100.0,,,True,True,"Organizing, Planning, and Prioritizing Work",4.A.2.b.6,2.3333333333333335,4.0,1.0,3.0,4.0,4.0,3.0,True,2.8,3.5,2.7,3.6,2.2,3.0,2.9,3.5,3.4,3.7,0.4,0.1,0.3,0.2,0.2,0.4,0.1,0.6,0.7,0.5,0.3,0.4,0.3,10.0,True,2019-08-01
16171,15-1299.09,Information Technology Project Managers,Develop and manage work breakdown structure (WBS) of information technology projects.,Core,3.0,3.0,3.9,100.0,,,True,True,"Organizing, Planning, and Prioritizing Work; Guiding, Directing, and Motivating Subordinates",4.A.2.b.6; 4.A.4.b.4,2.0,4.333333333333333,2.3333333333333335,4.333333333333333,4.0,4.333333333333333,3.0,True,2.7,2.5,2.8,3.3,2.3,3.2,2.2,2.6,2.7,3.2,0.4,0.3,0.3,0.4,0.3,0.2,0.2,0.2,0.3,0.2,0.2,0.1,0.1,10.0,True,2019-08-01
1317,15-1244.00,Network and Computer Systems Administrators,Perform data backups and disaster recovery operations.,Core,5.0,5.0,4.14,87.93,101190.0,318570.0,False,False,Working with Computers,4.A.3.b.1,1.5,4.0,3.0,4.5,4.5,2.5,2.0,True,3.75,2.625,1.625,3.625,1.75,2.875,2.625,2.375,3.0,3.625,0.5,0.875,0.25,0.25,0.25,0.75,0.5,0.5,0.375,0.5,0.625,0.375,0.25,8.0,True,2017-07-01
1318,15-1244.00,Network and Computer Systems Administrators,"Maintain and administer computer networks and related computing environments, including computer hardware, systems software, applications software, and all configurations.",Core,6.0,6.0,4.27,97.19,101190.0,318570.0,False,False,Repairing and Maintaining Mechanical Equipment,4.A.3.b.4,2.5,4.0,2.0,2.5,3.5,3.0,2.0,True,3.5,2.5,3.0,4.0,2.2,3.6,2.9,2.8,3.3,3.4,0.8,0.5,0.6,0.3,0.0,0.6,0.1,0.3,0.1,0.2,0.3,0.2,0.2,10.0,True,2017-07-01
1319,15-1244.00,Network and Computer Systems Administrators,"Plan, coordinate, and implement network security measures to protect data, software, and hardware.",Core,3.0,3.0,3.74,86.23,101190.0,318570.0,False,False,Developing Objectives and Strategies; Working with Computers,4.A.2.b.4; 4.A.3.b.1,2.0,4.0,1.0,4.5,4.5,4.0,2.0,True,3.7142857142857144,3.0,2.2857142857142856,3.4285714285714284,1.7142857142857142,2.7142857142857144,1.8571428571428572,2.5714285714285716,3.142857142857143,3.7142857142857144,0.8571428571428571,0.5714285714285714,0.7142857142857143,0.42857142857142855,0.2857142857142857,0.5714285714285714,0.42857142857142855,0.5714285714285714,0.42857142857142855,0.42857142857142855,0.5714285714285714,0.5714285714285714,0.42857142857142855,7.0,True,2017-07-01
1320,15-1244.00,Network and Computer Systems Administrators,Operate master consoles to monitor the performance of computer systems and networks and to coordinate computer network access and use.,Core,5.0,5.0,3.87,84.6,101190.0,318570.0,False,False,"Monitoring Processes, Materials, or Surroundings",4.A.1.a.2,4.5,1.5,1.5,1.5,2.5,1.5,2.0,True,3.5,2.5,1.8333333333333333,3.0,2.0,2.8333333333333335,2.0,2.1666666666666665,3.1666666666666665,3.8333333333333335,0.6666666666666666,0.6666666666666666,0.6666666666666666,0.16666666666666666,0.3333333333333333,0.8333333333333334,0.16666666666666666,0.3333333333333333,0.16666666666666666,0.16666666666666666,0.16666666666666666,0.16666666666666666,0.0,6.0,True,2017-07-01
1321,15-1244.00,Network and Computer Systems Administrators,"Perform routine network startup and shutdown procedures, and maintain control records.",Core,3.0,3.0,3.41,91.68,101190.0,318570.0,False,False,Repairing and Maintaining Mechanical Equipment; Documenting/Recording Information,4.A.3.b.4; 4.A.3.b.6,4.666666666666667,1.3333333333333333,1.3333333333333333,1.3333333333333333,1.3333333333333333,1.3333333333333333,3.0,True,4.166666666666667,2.0,1.6666666666666667,3.5,2.0,2.8333333333333335,2.0,1.8333333333333333,1.8333333333333333,2.5,0.8333333333333334,0.8333333333333334,0.16666666666666666,0.3333333333333333,0.16666666666666666,0.6666666666666666,0.16666666666666666,0.16666666666666666,0.16666666666666666,0.16666666666666666,0.16666666666666666,0.16666666666666666,0.16666666666666666,6.0,True,2017-07-01
1322,15-1244.00,Network and Computer Systems Administrators,"Design, configure, and test computer hardware, networking software and operating system software.",Core,3.0,3.0,3.56,90.87,101190.0,318570.0,False,False,"Inspecting Equipment, Structures, or Materials; Thinking Creatively",4.A.1.b.2; 4.A.2.b.2,3.5,3.0,1.5,2.0,4.0,1.5,2.0,True,3.4,2.8,2.4,4.0,2.0,3.6,2.6,2.8,2.4,3.4,0.6,0.6,0.6,0.0,0.0,0.6,0.6,0.2,0.4,0.2,0.4,0.4,0.2,5.0,True,2017-07-01
1323,15-1244.00,Network and Computer Systems Administrators,"Recommend changes to improve systems and network configurations, and determine hardware or software requirements related to such changes.",Core,3.0,3.0,3.57,89.68,101190.0,318570.0,False,False,Analyzing Data or Information; Making Decisions and Solving Problems; Providing Consultation and Advice to Others,4.A.2.a.4; 4.A.2.b.1; 4.A.4.b.6,2.6666666666666665,3.3333333333333335,1.0,2.3333333333333335,3.3333333333333335,3.0,3.0,True,3.3333333333333335,3.3333333333333335,1.8888888888888888,4.0,1.5555555555555556,2.888888888888889,2.2222222222222223,3.3333333333333335,3.7777777777777777,3.6666666666666665,0.4444444444444444,0.2222222222222222,0.3333333333333333,0.2222222222222222,0.3333333333333333,0.5555555555555556,0.5555555555555556,0.7777777777777778,0.5555555555555556,0.5555555555555556,0.7777777777777778,0.5555555555555556,0.3333333333333333,9.0,True,2017-07-01
1325,15-1244.00,Network and Computer Systems Administrators,Monitor network performance to determine whether adjustments are needed and where changes will be needed in the future.,Core,5.0,5.0,3.77,90.74,101190.0,318570.0,False,False,"Monitoring Processes, Materials, or Surroundings",4.A.1.a.2,3.3333333333333335,2.6666666666666665,1.6666666666666667,3.0,3.3333333333333335,1.6666666666666667,3.0,True,3.6666666666666665,2.5555555555555554,2.2222222222222223,3.6666666666666665,2.0,3.0,1.5555555555555556,2.0,3.111111111111111,3.6666666666666665,0.5555555555555556,0.2222222222222222,0.6666666666666666,0.4444444444444444,0.3333333333333333,0.5555555555555556,0.2222222222222222,0.4444444444444444,0.4444444444444444,0.2222222222222222,0.5555555555555556,0.4444444444444444,0.2222222222222222,9.0,True,2017-07-01
1328,15-1244.00,Network and Computer Systems Administrators,"Gather data pertaining to customer needs, and use the information to identify, predict, interpret, and evaluate system and network requirements.",Core,3.0,3.0,3.17,87.78,101190.0,318570.0,False,False,Getting Information; Analyzing Data or Information; Making Decisions and Solving Problems,4.A.1.a.1; 4.A.2.a.4; 4.A.2.b.1,,,,,,,,False,,,,,,,,,,,,,,,,,,,,,,,,,False,2017-07-01
1329,15-1244.00,Network and Computer Systems Administrators,Analyze equipment performance records to determine the need for repair or replacement.,Core,3.0,3.0,3.65,79.22,101190.0,318570.0,False,False,Analyzing Data or Information,4.A.2.a.4,4.0,2.3333333333333335,2.0,1.6666666666666667,3.0,1.6666666666666667,3.0,True,3.6666666666666665,3.1666666666666665,1.8333333333333333,3.6666666666666665,1.6666666666666667,3.0,3.1666666666666665,2.8333333333333335,2.5,2.1666666666666665,0.5,0.5,0.3333333333333333,0.16666666666666666,0.16666666666666666,0.6666666666666666,0.8333333333333334,0.16666666666666666,0.3333333333333333,0.3333333333333333,0.5,0.3333333333333333,0.16666666666666666,6.0,True,2017-07-01
1330,15-1244.00,Network and Computer Systems Administrators,"Maintain logs related to network functions, as well as maintenance and repair records.",Core,3.0,3.0,3.27,76.65,101190.0,318570.0,False,False,Documenting/Recording Information,4.A.3.b.6,,,,,,,,False,,,,,,,,,,,,,,,,,,,,,,,,,False,2017-07-01
15206,15-1244.00,Network and Computer Systems Administrators,"Configure, monitor, and maintain email applications or virus protection software.",Core,5.0,5.0,3.97,87.51,101190.0,318570.0,False,False,Working with Computers,4.A.3.b.1,5.0,1.0,1.0,1.0,1.5,1.0,2.0,True,3.875,2.125,2.0,4.125,1.875,3.125,1.625,1.75,2.375,3.125,0.625,0.5,0.625,0.375,0.0,0.625,0.25,0.125,0.125,0.125,0.25,0.0,0.125,8.0,True,2017-07-01
15208,15-1244.00,Network and Computer Systems Administrators,"Implement and provide technical support for voice services and equipment, such as private branch exchange, voice mail system, and telecom system.",Supplemental,5.0,5.0,3.59,59.49,101190.0,318570.0,False,False,Providing Consultation and Advice to Others,4.A.4.b.6,,,,,,,,False,,,,,,,,,,,,,,,,,,,,,,,,,False,2017-07-01
14638,15-1253.00,Software Quality Assurance Analysts and Testers,"Design test plans, scenarios, scripts, or procedures.",Core,3.0,3.0,4.35,100.0,110260.0,199800.0,False,False,Developing Objectives and Strategies,4.A.2.b.4,3.3333333333333335,2.6666666666666665,1.0,2.6666666666666665,3.3333333333333335,2.3333333333333335,3.0,True,3.8333333333333335,3.0,2.6666666666666665,3.6666666666666665,2.3333333333333335,2.5,1.8333333333333333,2.3333333333333335,3.1666666666666665,3.6666666666666665,0.5,0.3333333333333333,0.6666666666666666,0.16666666666666666,0.3333333333333333,0.8333333333333334,0.3333333333333333,0.16666666666666666,0.16666666666666666,0.16666666666666666,0.0,0.3333333333333333,0.16666666666666666,6.0,True,2022-08-01
14639,15-1253.00,Software Quality Assurance Analysts and Testers,Test system modifications to prepare for implementation.,Core,3.0,3.0,4.21,97.06,110260.0,199800.0,False,False,"Inspecting Equipment, Structures, or Materials",4.A.1.b.2,3.6666666666666665,2.6666666666666665,1.3333333333333333,2.0,2.6666666666666665,2.0,3.0,True,3.25,3.5,3.25,3.75,2.0,2.75,1.5,2.5,3.0,3.75,0.25,0.25,0.0,0.25,0.5,0.5,0.25,0.25,0.25,0.25,0.25,0.0,0.25,4.0,True,2022-08-01
14640,15-1253.00,Software Quality Assurance Analysts and Testers,"Develop testing programs that address areas such as database impacts, software scenarios, regression testing, negative testing, error or bug retests, or usability.",Core,3.0,3.0,4.52,97.06,110260.0,199800.0,False,False,Developing Objectives and Strategies,4.A.2.b.4,3.0,3.0,2.0,2.0,3.5,1.5,2.0,True,3.0,3.3333333333333335,2.6666666666666665,2.8333333333333335,2.5,3.0,2.1666666666666665,2.8333333333333335,2.8333333333333335,3.1666666666666665,0.6666666666666666,0.16666666666666666,0.3333333333333333,0.16666666666666666,0.0,0.3333333333333333,0.3333333333333333,0.16666666666666666,0.6666666666666666,0.16666666666666666,0.3333333333333333,0.3333333333333333,0.3333333333333333,6.0,True,2022-08-01
14641,15-1253.00,Software Quality Assurance Analysts and Testers,"Document software defects, using a bug tracking system, and report defects to software developers.",Core,6.0,6.0,4.68,100.0,110260.0,199800.0,False,False,"Processing Information; Communicating with Supervisors, Peers, or Subordinates",4.A.2.a.2; 4.A.4.a.2,4.0,2.0,1.3333333333333333,1.6666666666666667,3.0,2.6666666666666665,3.0,True,2.6666666666666665,3.1666666666666665,3.3333333333333335,3.5,2.0,3.3333333333333335,3.0,3.0,2.6666666666666665,2.1666666666666665,0.16666666666666666,0.16666666666666666,0.16666666666666666,0.0,0.16666666666666666,0.3333333333333333,0.5,0.5,0.6666666666666666,0.3333333333333333,0.16666666666666666,0.16666666666666666,0.16666666666666666,6.0,True,2022-08-01
14642,15-1253.00,Software Quality Assurance Analysts and Testers,"Identify, analyze, and document problems with program function, output, online screen, or content.",Core,6.0,6.0,4.7,100.0,110260.0,199800.0,False,False,Analyzing Data or Information; Working with Computers; Documenting/Recording Information,4.A.2.a.4; 4.A.3.b.1; 4.A.3.b.6,3.0,2.6666666666666665,1.0,2.3333333333333335,3.0,2.6666666666666665,3.0,True,3.0,3.4,3.0,4.0,2.8,2.8,1.6,1.8,2.8,3.2,0.4,0.4,0.2,0.2,0.2,0.2,0.0,0.6,0.4,0.0,0.4,0.2,0.4,5.0,True,2022-08-01
14643,15-1253.00,Software Quality Assurance Analysts and Testers,Monitor bug resolution efforts and track successes.,Core,5.0,5.0,4.12,100.0,110260.0,199800.0,False,False,"Monitoring Processes, Materials, or Surroundings; Documenting/Recording Information",4.A.1.a.2; 4.A.3.b.6,4.0,2.0,1.0,1.6666666666666667,3.3333333333333335,2.0,3.0,True,4.0,2.5,2.75,3.25,1.75,2.75,2.0,3.0,2.75,3.25,0.75,0.0,0.25,0.25,0.5,0.75,0.25,0.0,0.25,0.25,0.0,0.25,0.0,4.0,True,2022-08-01
14644,15-1253.00,Software Quality Assurance Analysts and Testers,Create or maintain databases of known test defects.,Core,5.0,5.0,4.15,100.0,110260.0,199800.0,False,False,Thinking Creatively,4.A.2.b.2,5.0,1.5,1.0,1.0,2.5,1.5,2.0,True,3.25,2.75,3.0,3.25,1.5,2.75,1.5,2.5,2.75,3.25,0.5,0.0,0.25,0.0,0.25,0.5,0.25,0.25,0.25,0.25,0.5,0.5,0.25,4.0,True,2022-08-01
14645,15-1253.00,Software Quality Assurance Analysts and Testers,Plan test schedules or strategies in accordance with project scope or delivery dates.,Core,3.0,3.0,4.0,100.0,110260.0,199800.0,False,False,"Developing Objectives and Strategies; Organizing, Planning, and Prioritizing Work",4.A.2.b.4; 4.A.2.b.6,4.0,2.6666666666666665,1.0,2.0,3.6666666666666665,3.3333333333333335,3.0,True,3.0,3.3333333333333335,2.6666666666666665,2.6666666666666665,2.0,3.0,2.6666666666666665,2.6666666666666665,2.6666666666666665,3.6666666666666665,0.3333333333333333,0.0,0.3333333333333333,0.0,0.0,0.6666666666666666,0.3333333333333333,0.3333333333333333,0.0,0.3333333333333333,0.0,0.3333333333333333,0.0,3.0,True,2022-08-01
14647,15-1253.00,Software Quality Assurance Analysts and Testers,"Review software documentation to ensure technical accuracy, compliance, or completeness, or to mitigate risks.",Core,3.0,3.0,3.71,100.0,110260.0,199800.0,False,False,"Guiding, Directing, and Motivating Subordinates",4.A.4.b.4,4.5,1.5,1.0,1.5,3.5,1.0,2.0,True,2.3333333333333335,3.3333333333333335,2.3333333333333335,4.0,1.6666666666666667,2.6666666666666665,1.6666666666666667,3.6666666666666665,3.6666666666666665,4.0,0.3333333333333333,0.3333333333333333,0.3333333333333333,0.3333333333333333,0.3333333333333333,0.3333333333333333,0.0,0.6666666666666666,0.6666666666666666,0.3333333333333333,0.3333333333333333,0.3333333333333333,0.3333333333333333,3.0,True,2022-08-01
14648,15-1253.00,Software Quality Assurance Analysts and Testers,Document test procedures to ensure replicability and compliance with standards.,Core,5.0,5.0,4.3,100.0,110260.0,199800.0,False,False,Documenting/Recording Information,4.A.3.b.6,5.0,1.0,1.0,1.0,1.0,1.0,2.0,True,3.4,3.2,3.2,3.0,2.0,2.8,3.2,3.2,3.6,3.4,0.4,0.2,0.2,0.4,0.0,0.4,0.4,0.4,0.0,0.0,0.0,0.4,0.0,5.0,True,2022-08-01
14649,15-1253.00,Software Quality Assurance Analysts and Testers,"Develop or specify standards, methods, or procedures to determine product quality or release readiness.",Core,3.0,3.0,4.12,97.06,110260.0,199800.0,False,False,Thinking Creatively,4.A.2.b.2,3.0,3.6666666666666665,1.6666666666666667,2.3333333333333335,3.3333333333333335,2.6666666666666665,3.0,True,3.1666666666666665,3.1666666666666665,3.0,3.5,2.3333333333333335,3.1666666666666665,2.0,2.5,3.3333333333333335,3.6666666666666665,0.5,0.16666666666666666,0.3333333333333333,0.0,0.3333333333333333,0.3333333333333333,0.5,0.0,0.5,0.0,0.16666666666666666,0.16666666666666666,0.16666666666666666,6.0,True,2022-08-01
14650,15-1253.00,Software Quality Assurance Analysts and Testers,Update automated test scripts to ensure currency.,Core,4.0,4.0,4.09,94.12,110260.0,199800.0,False,False,Developing Objectives and Strategies,4.A.2.b.4,4.5,1.5,1.0,1.0,2.0,1.5,2.0,True,3.6666666666666665,3.0,2.6666666666666665,3.3333333333333335,2.0,3.3333333333333335,2.0,3.3333333333333335,3.0,3.0,0.6666666666666666,0.3333333333333333,0.6666666666666666,0.3333333333333333,0.0,1.0,0.3333333333333333,0.3333333333333333,0.6666666666666666,0.6666666666666666,0.3333333333333333,0.6666666666666666,0.3333333333333333,3.0,True,2022-08-01
14652,15-1253.00,Software Quality Assurance Analysts and Testers,"Install, maintain, or use software testing programs.",Core,6.0,6.0,4.26,100.0,110260.0,199800.0,False,False,Working with Computers,4.A.3.b.1,3.0,3.0,1.0,3.5,4.0,2.5,2.0,True,3.5,3.6666666666666665,3.5,3.8333333333333335,2.5,3.1666666666666665,1.8333333333333333,2.8333333333333335,2.6666666666666665,3.8333333333333335,0.3333333333333333,0.16666666666666666,0.3333333333333333,0.5,0.0,0.3333333333333333,0.3333333333333333,0.3333333333333333,0.3333333333333333,0.16666666666666666,0.3333333333333333,0.5,0.5,6.0,True,2022-08-01
14653,15-1253.00,Software Quality Assurance Analysts and Testers,Provide feedback and recommendations to developers on software usability and functionality.,Core,4.0,4.0,4.27,97.06,110260.0,199800.0,False,False,Providing Consultation and Advice to Others,4.A.4.b.6,3.0,3.0,1.0,2.6666666666666665,3.6666666666666665,3.0,3.0,True,3.0,3.625,2.75,3.75,2.0,3.25,2.0,3.75,3.125,3.75,0.375,0.0,0.125,0.125,0.125,0.5,0.25,0.375,0.5,0.125,0.375,0.25,0.5,8.0,True,2022-08-01
14654,15-1253.00,Software Quality Assurance Analysts and Testers,Monitor program performance to ensure efficient and problem-free operations.,Core,4.0,4.0,3.97,100.0,110260.0,199800.0,False,False,"Monitoring Processes, Materials, or Surroundings",4.A.1.a.2,3.5,3.0,2.0,2.5,2.5,2.0,2.0,True,3.75,3.25,2.75,2.5,2.75,2.5,2.25,3.25,2.75,3.25,0.0,0.75,0.0,0.0,0.0,0.0,0.0,0.0,0.25,0.25,0.0,0.25,0.0,4.0,True,2022-08-01
14655,15-1253.00,Software Quality Assurance Analysts and Testers,"Conduct software compatibility tests with programs, hardware, operating systems, or network environments.",Core,3.0,3.0,3.88,100.0,110260.0,199800.0,False,False,"Inspecting Equipment, Structures, or Materials",4.A.1.b.2,5.0,1.0,1.0,1.0,2.5,1.5,2.0,True,3.25,3.0,2.75,3.0,2.25,3.0,2.25,3.25,1.75,3.25,0.0,0.5,0.5,0.0,0.0,0.25,0.0,0.25,0.25,0.0,0.0,0.25,0.0,4.0,True,2022-08-01
14658,15-1253.00,Software Quality Assurance Analysts and Testers,"Identify program deviance from standards, and suggest modifications to ensure compliance.",Core,4.0,4.0,3.7,97.06,110260.0,199800.0,False,False,"Inspecting Equipment, Structures, or Materials; Providing Consultation and Advice to Others",4.A.1.b.2; 4.A.4.b.6,3.5,3.0,1.0,2.5,3.5,3.0,2.0,True,3.0,2.75,1.75,2.0,2.25,2.25,1.25,1.5,2.25,3.5,0.25,0.0,0.25,0.0,0.5,0.25,0.0,0.0,0.0,0.0,0.0,0.25,0.0,4.0,True,2022-08-01
14661,15-1253.00,Software Quality Assurance Analysts and Testers,"Perform initial debugging procedures by reviewing configuration files, logs, or code pieces to determine breakdown source.",Core,4.0,4.0,3.66,85.29,110260.0,199800.0,False,False,"Getting Information; Inspecting Equipment, Structures, or Materials",4.A.1.a.1; 4.A.1.b.2,,,,,,,,False,,,,,,,,,,,,,,,,,,,,,,,,,False,2022-08-01
14664,15-1253.00,Software Quality Assurance Analysts and Testers,Conduct historical analyses of test results.,Core,3.0,3.0,3.29,100.0,110260.0,199800.0,False,False,Analyzing Data or Information,4.A.2.a.4,,,,,,,,False,,,,,,,,,,,,,,,,,,,,,,,,,False,2022-08-01
14731,15-1299.01,Web Administrators,Back up or modify applications and related data to provide for disaster recovery.,Core,5.0,5.0,4.6,75.0,,,True,True,Thinking Creatively; Working with Computers,4.A.2.b.2; 4.A.3.b.1,4.5,1.5,1.0,1.5,3.5,1.0,2.0,True,4.2,1.6,1.6,2.6,2.2,2.2,1.8,1.4,1.8,1.8,0.8,0.4,0.4,0.4,0.0,0.4,0.0,0.2,0.2,0.0,0.0,0.2,0.0,5.0,True,2018-08-01
14732,15-1299.01,Web Administrators,"Determine sources of Web page or server problems, and take action to correct such problems.",Core,5.0,5.0,4.32,95.0,,,True,True,Working with Computers,4.A.3.b.1,4.0,2.0,1.0,2.0,3.5,2.0,2.0,True,3.1666666666666665,2.8333333333333335,2.6666666666666665,3.8333333333333335,2.5,2.3333333333333335,2.5,2.1666666666666665,3.0,4.0,0.3333333333333333,0.16666666666666666,0.6666666666666666,0.5,0.3333333333333333,0.3333333333333333,0.16666666666666666,0.3333333333333333,0.16666666666666666,0.3333333333333333,0.0,0.3333333333333333,0.16666666666666666,6.0,True,2018-08-01
14733,15-1299.01,Web Administrators,"Review or update Web page content or links in a timely manner, using appropriate tools.",Core,5.0,5.0,3.89,95.0,,,True,True,Working with Computers,4.A.3.b.1,4.5,1.5,1.0,1.0,2.0,1.0,2.0,True,3.2857142857142856,2.857142857142857,2.4285714285714284,3.4285714285714284,2.4285714285714284,3.142857142857143,1.2857142857142858,2.2857142857142856,2.4285714285714284,2.857142857142857,0.5714285714285714,0.5714285714285714,0.5714285714285714,0.0,0.0,0.7142857142857143,0.14285714285714285,0.2857142857142857,0.0,0.0,0.5714285714285714,0.14285714285714285,0.2857142857142857,7.0,True,2018-08-01
14734,15-1299.01,Web Administrators,"Monitor systems for intrusions or denial of service attacks, and report security breaches to appropriate personnel.",Core,5.0,5.0,4.79,95.0,,,True,True,"Monitoring Processes, Materials, or Surroundings; Communicating with Supervisors, Peers, or Subordinates",4.A.1.a.2; 4.A.4.a.2,3.6666666666666665,2.6666666666666665,1.3333333333333333,2.3333333333333335,3.0,2.0,3.0,True,3.8,2.6,1.8,2.8,1.6,2.6,1.2,2.4,3.0,3.4,1.0,0.6,0.6,0.4,0.2,0.4,0.2,0.6,0.4,0.4,0.0,0.4,0.2,5.0,True,2018-08-01
14736,15-1299.01,Web Administrators,"Administer internet or intranet infrastructure, including Web, file, and mail servers.",Supplemental,5.0,5.0,3.82,55.0,,,True,True,Repairing and Maintaining Mechanical Equipment,4.A.3.b.4,,,,,,,,False,,,,,,,,,,,,,,,,,,,,,,,,,False,2018-08-01
14740,15-1299.01,Web Administrators,"Implement updates, upgrades, and patches in a timely manner to limit loss of service.",Core,3.0,3.0,4.25,80.0,,,True,True,Working with Computers; Repairing and Maintaining Mechanical Equipment,4.A.3.b.1; 4.A.3.b.4,4.666666666666667,1.6666666666666667,1.3333333333333333,2.0,2.3333333333333335,1.3333333333333333,3.0,True,3.6,2.2,2.2,2.4,2.6,2.8,1.8,2.2,2.6,2.6,0.6,0.4,0.2,0.0,0.2,0.4,0.2,0.2,0.0,0.2,0.0,0.2,0.0,5.0,True,2018-08-01
14742,15-1299.01,Web Administrators,"Collaborate with Web developers to create and operate internal and external Web sites, or to manage projects, such as e-marketing campaigns.",Core,3.0,3.0,3.72,90.0,,,True,True,"Communicating with Supervisors, Peers, or Subordinates",4.A.4.a.2,,,,,,,,False,,,,,,,,,,,,,,,,,,,,,,,,,False,2018-08-01
14743,15-1299.01,Web Administrators,"Install or configure Web server software or hardware to ensure that directory structure is well-defined, logical, and secure, and that files are named properly.",Core,3.0,3.0,3.89,90.0,,,True,True,Working with Computers,4.A.3.b.1,4.5,2.0,1.5,1.5,2.0,1.5,2.0,True,4.0,2.2,2.0,3.2,3.0,2.6,2.0,2.6,2.8,3.4,0.4,0.6,0.8,0.6,0.4,0.4,0.0,0.2,0.0,0.2,0.0,0.2,0.0,5.0,True,2018-08-01
14744,15-1299.01,Web Administrators,"Gather, analyze, or document user feedback to locate or resolve sources of problems.",Core,3.0,3.0,3.85,100.0,,,True,True,Analyzing Data or Information; Documenting/Recording Information,4.A.2.a.4; 4.A.3.b.6,2.6666666666666665,3.6666666666666665,1.6666666666666667,2.6666666666666665,3.3333333333333335,3.0,3.0,True,2.6,3.4,2.8,3.4,2.8,3.6,1.6,3.6,2.8,3.0,0.6,0.0,0.2,0.0,0.0,0.4,0.2,0.2,0.4,0.6,0.6,0.8,0.4,5.0,True,2018-08-01
14745,15-1299.01,Web Administrators,Develop Web site performance metrics.,Core,3.0,3.0,3.74,95.0,,,True,True,Thinking Creatively,4.A.2.b.2,,,,,,,,False,,,,,,,,,,,,,,,,,,,,,,,,,False,2018-08-01
14746,15-1299.01,Web Administrators,Identify or address interoperability requirements.,Core,3.0,3.0,3.72,90.0,,,True,True,Making Decisions and Solving Problems,4.A.2.b.1,,,,,,,,False,,,,,,,,,,,,,,,,,,,,,,,,,False,2018-08-01
14749,15-1299.01,Web Administrators,"Track, compile, and analyze Web site usage data.",Core,3.0,3.0,4.0,100.0,,,True,True,Analyzing Data or Information,4.A.2.a.4,4.5,1.5,1.0,1.0,2.0,1.0,2.0,True,3.5,2.25,1.75,3.0,1.75,2.5,1.0,2.0,2.0,2.75,0.25,0.5,0.25,0.25,0.25,0.25,0.25,0.0,0.25,0.0,0.0,0.0,0.0,4.0,True,2018-08-01
14750,15-1299.01,Web Administrators,"Test issues such as system integration, performance, and system security on a regular schedule or after any major program modifications.",Core,3.0,3.0,4.06,85.0,,,True,True,"Inspecting Equipment, Structures, or Materials",4.A.1.b.2,4.5,1.5,1.0,2.0,2.0,2.0,2.0,True,3.75,2.75,2.25,3.5,3.0,3.25,2.5,2.75,2.75,3.5,0.5,0.25,1.0,0.0,0.25,0.75,0.5,0.25,0.5,0.5,0.25,0.5,0.25,4.0,True,2018-08-01
14758,15-1299.01,Web Administrators,"Correct testing-identified problems, or recommend actions for their resolution.",Core,5.0,5.0,4.45,100.0,,,True,True,Working with Computers; Providing Consultation and Advice to Others,4.A.3.b.1; 4.A.4.b.6,4.0,2.0,1.0,2.0,3.5,2.0,2.0,True,3.2857142857142856,3.0,2.4285714285714284,3.5714285714285716,2.4285714285714284,3.2857142857142856,1.7142857142857142,3.2857142857142856,3.4285714285714284,4.142857142857143,0.42857142857142855,0.2857142857142857,0.42857142857142855,0.2857142857142857,0.14285714285714285,0.42857142857142855,0.2857142857142857,0.5714285714285714,0.8571428571428571,0.42857142857142855,0.5714285714285714,0.2857142857142857,0.2857142857142857,7.0,True,2018-08-01
14762,15-1299.01,Web Administrators,Set up or maintain monitoring tools on Web servers or Web sites.,Core,3.0,3.0,3.83,90.0,,,True,True,Thinking Creatively,4.A.2.b.2,4.5,1.5,1.5,1.5,4.0,1.0,2.0,True,4.0,2.6,2.6,3.6,2.2,3.2,1.8,2.8,2.8,3.6,1.0,0.4,0.8,0.2,0.0,0.6,0.0,0.4,0.4,0.2,0.0,0.2,0.2,5.0,True,2018-08-01
14763,15-1299.01,Web Administrators,Develop testing routines and procedures.,Core,3.0,3.0,3.47,95.0,,,True,True,Developing Objectives and Strategies,4.A.2.b.4,,,,,,,,False,,,,,,,,,,,,,,,,,,,,,,,,,False,2018-08-01
14694,15-1254.00,Web Developers,"Design, build, or maintain Web sites, using authoring or scripting languages, content creation tools, management tools, and digital media.",Core,5.0,5.0,4.42,100.0,98790.0,78860.0,False,False,Thinking Creatively; Working with Computers,4.A.2.b.2; 4.A.3.b.1,3.5,3.0,2.0,2.5,3.0,2.5,2.0,True,2.9,3.6,3.1,3.7,2.6,3.2,2.1,3.7,3.0,3.7,0.4,0.1,0.2,0.1,0.0,0.2,0.0,0.1,0.0,0.1,0.1,0.0,0.0,10.0,True,2017-07-01
14695,15-1254.00,Web Developers,Perform or direct Web site updates.,Core,3.0,3.0,4.0,100.0,98790.0,78860.0,False,False,Working with Computers,4.A.3.b.1,3.6666666666666665,2.6666666666666665,1.6666666666666667,2.3333333333333335,3.3333333333333335,2.6666666666666665,3.0,True,2.4,2.8,1.9,3.1,2.6,3.0,1.5,2.7,2.4,3.1,0.3,0.3,0.2,0.0,0.1,0.4,0.0,0.3,0.1,0.2,0.4,0.0,0.0,10.0,True,2017-07-01
14698,15-1254.00,Web Developers,Back up files from Web sites to local directories for instant recovery in case of problems.,Core,5.0,5.0,4.35,95.83,98790.0,78860.0,False,False,Working with Computers,4.A.3.b.1,4.666666666666667,1.3333333333333333,1.3333333333333333,1.3333333333333333,1.6666666666666667,1.3333333333333333,3.0,True,4.2,2.0,1.5,2.5,1.8,2.3,1.4,1.6,1.9,2.6,0.6,0.8,0.4,0.2,0.1,0.5,0.1,0.1,0.2,0.0,0.2,0.0,0.1,10.0,True,2017-07-01
14700,15-1254.00,Web Developers,"Evaluate code to ensure that it is valid, is properly structured, meets industry standards, and is compatible with browsers, devices, or operating systems.",Core,4.0,4.0,4.09,95.83,98790.0,78860.0,False,False,"Inspecting Equipment, Structures, or Materials",4.A.1.b.2,4.0,2.0,1.0,1.3333333333333333,3.3333333333333335,1.0,3.0,True,3.0,3.8,3.1,3.7,2.5,3.2,2.2,3.2,3.2,4.1,0.5,0.5,0.3,0.1,0.1,0.2,0.0,0.0,0.0,0.0,0.0,0.0,0.0,10.0,True,2017-07-01
14707,15-1254.00,Web Developers,Write supporting code for Web applications or Web sites.,Core,7.0,7.0,4.58,100.0,98790.0,78860.0,False,False,Thinking Creatively; Working with Computers,4.A.2.b.2; 4.A.3.b.1,4.666666666666667,2.0,1.3333333333333333,1.6666666666666667,2.3333333333333335,1.3333333333333333,3.0,True,2.9,3.4,2.7,3.9,2.9,3.2,1.6,2.8,2.5,3.4,0.6,0.1,0.6,0.2,0.0,0.3,0.0,0.1,0.2,0.0,0.2,0.2,0.1,10.0,True,2017-07-01
14708,15-1254.00,Web Developers,Communicate with network personnel or Web site hosting agencies to address hardware or software issues affecting Web sites.,Core,3.0,3.0,3.57,87.5,98790.0,78860.0,False,False,"Communicating with Supervisors, Peers, or Subordinates; Providing Consultation and Advice to Others",4.A.4.a.2; 4.A.4.b.6,2.0,4.5,1.5,2.0,4.0,3.5,2.0,True,3.2,3.1,2.2,3.0,2.0,2.3,2.1,3.5,3.0,3.2,0.4,0.3,0.4,0.2,0.1,0.3,0.0,0.1,0.0,0.1,0.0,0.0,0.0,10.0,True,2017-07-01
14710,15-1254.00,Web Developers,"Perform Web site tests according to planned schedules, or after any Web site or product revision.",Core,3.0,3.0,4.04,95.83,98790.0,78860.0,False,False,"Inspecting Equipment, Structures, or Materials",4.A.1.b.2,4.666666666666667,1.6666666666666667,1.0,1.3333333333333333,3.3333333333333335,1.6666666666666667,3.0,True,3.3,2.9,2.3,3.5,2.0,2.4,1.8,2.8,3.0,3.2,0.5,0.4,0.4,0.1,0.0,0.1,0.0,0.2,0.2,0.1,0.2,0.1,0.0,10.0,True,2017-07-01
14713,15-1254.00,Web Developers,"Respond to user email inquiries, or set up automated systems to send responses.",Core,5.0,5.0,3.67,100.0,98790.0,78860.0,False,False,Communicating with People Outside the Organization,4.A.4.a.3,5.0,1.0,1.0,1.0,2.0,2.0,2.0,True,3.3,2.9,1.4,2.0,2.1,1.7,1.8,3.7,2.5,2.5,0.5,0.5,0.1,0.0,0.0,0.2,0.1,0.3,0.2,0.3,0.3,0.3,0.3,10.0,True,2017-07-01
14714,15-1254.00,Web Developers,Develop or implement procedures for ongoing Web site revision.,Core,3.0,3.0,3.29,100.0,98790.0,78860.0,False,False,Thinking Creatively,4.A.2.b.2,4.0,2.0,3.0,1.0,4.0,2.0,2.0,True,2.6,2.7,2.4,3.1,2.8,3.1,1.7,2.6,2.6,3.4,0.2,0.1,0.3,0.1,0.1,0.1,0.1,0.1,0.4,0.1,0.3,0.4,0.2,10.0,True,2017-07-01
14717,15-1254.00,Web Developers,Establish appropriate server directory trees.,Core,3.0,3.0,3.47,87.5,98790.0,78860.0,False,False,Working with Computers,4.A.3.b.1,4.333333333333333,1.6666666666666667,2.0,1.6666666666666667,3.6666666666666665,1.6666666666666667,3.0,True,3.3,2.9,2.2,3.1,1.8,3.0,1.8,2.2,2.6,3.1,0.5,0.4,0.3,0.2,0.2,0.3,0.2,0.3,0.4,0.2,0.4,0.4,0.3,10.0,True,2017-07-01
14719,15-1254.00,Web Developers,Recommend and implement performance improvements.,Core,3.0,3.0,3.39,100.0,98790.0,78860.0,False,False,Providing Consultation and Advice to Others,4.A.4.b.6,4.0,2.5,1.0,2.0,4.5,2.5,2.0,True,3.1,2.7,2.2,3.0,1.7,2.0,1.5,2.5,2.3,3.2,0.6,0.3,0.3,0.1,0.1,0.4,0.0,0.0,0.0,0.0,0.0,0.0,0.0,10.0,True,2017-07-01
14722,15-1254.00,Web Developers,"Provide clear, detailed descriptions of Web site specifications, such as product features, activities, software, communication protocols, programming languages, and operating systems software and hardware.",Core,3.0,3.0,3.18,95.83,98790.0,78860.0,False,False,Thinking Creatively,4.A.2.b.2,5.0,1.0,1.0,1.0,1.0,1.0,2.0,True,2.8,3.1,1.9,2.8,2.5,2.7,2.1,2.3,2.7,2.7,0.5,0.4,0.1,0.0,0.1,0.3,0.0,0.1,0.2,0.2,0.1,0.1,0.0,10.0,True,2017-07-01
14723,15-1254.00,Web Developers,Monitor security system performance logs to identify problems and notify security specialists when problems occur.,Supplemental,3.0,3.0,3.73,66.67,98790.0,78860.0,False,False,"Monitoring Processes, Materials, or Surroundings; Communicating with Supervisors, Peers, or Subordinates",4.A.1.a.2; 4.A.4.a.2,3.3333333333333335,3.0,1.3333333333333333,2.3333333333333335,2.6666666666666665,3.0,3.0,True,2.9,2.8,2.6,3.5,1.9,2.9,1.4,2.7,2.5,3.6,0.6,0.2,0.5,0.1,0.0,0.4,0.0,0.2,0.2,0.1,0.2,0.2,0.2,10.0,True,2017-07-01
