Task ID,O*NET-SOC Code,Occupation (O*NET-SOC Title),Task,Occupation Mean Annual Wage,Occupation Employment,Frequency,Importance,Expert_Automation Capacity Rating,Expert_N_Raters,Worker_N_Respondents,Time Cost Score,Time Share Proxy,Market Scale,Frequency Intensity,Importance Intensity,Task Exposure,Automation Potential,Economic Potential Raw,ROI Index,ROI Data Complete,Data Confidence,Strategy Zone
1282,15-1232.00,Computer User Support Specialists,Answer user inquiries regarding computer software or hardware operation to resolve problems.,64990.000000,697210.000000,7.000000,3.790000,4.500000,2.000000,10.000000,2.600000,0.460000,0.818182,1.000000,0.697500,0.654375,0.875000,0.468473,1.000000,True,Trung bình,Tự động hóa ngay
1285,15-1232.00,Computer User Support Specialists,Oversee the daily performance of computer systems.,64990.000000,697210.000000,5.000000,3.990000,5.000000,2.000000,8.000000,2.250000,0.381250,0.818182,0.666667,0.747500,0.544167,1.000000,0.445227,0.949402,True,Trung bình,Tự động hóa ngay
1287,15-1232.00,Computer User Support Specialists,"Maintain records of daily data communication transactions, problems and remedial actions taken, or installation activities.",64990.000000,697210.000000,5.000000,3.470000,4.666667,3.000000,6.000000,2.500000,0.437500,0.818182,0.666667,0.617500,0.539792,0.916667,0.404844,0.861502,True,Trung bình,Tự động hóa ngay
966,11-3021.00,Computer and Information Systems Managers,"Manage backup, security and user help systems.",187990.000000,645970.000000,5.000000,4.190000,3.500000,2.000000,10.000000,2.900000,0.527500,1.000000,0.666667,0.797500,0.629792,0.625000,0.393620,0.837071,True,Trung bình,Tự động hóa ngay
1283,15-1232.00,Computer User Support Specialists,Enter commands and observe system functioning to verify correct operations and detect errors.,64990.000000,697210.000000,5.000000,3.570000,4.666667,3.000000,7.000000,2.285714,0.389286,0.818182,0.666667,0.642500,0.521935,0.916667,0.391451,0.832350,True,Trung bình,Tự động hóa ngay
15206,15-1244.00,Network and Computer Systems Administrators,"Configure, monitor, and maintain email applications or virus protection software.",101190.000000,318570.000000,5.000000,3.970000,5.000000,2.000000,8.000000,2.000000,0.325000,0.727273,0.666667,0.742500,0.514792,1.000000,0.374394,0.795223,True,Trung bình,Tự động hóa ngay
3466,15-1211.00,Computer Systems Analysts,"Use object-oriented programming languages, as well as client and server applications development processes and multimedia and Internet technology.",111960.000000,497800.000000,6.000000,3.710000,4.000000,3.000000,10.000000,2.000000,0.325000,0.909091,0.833333,0.677500,0.540208,0.750000,0.368324,0.782011,True,Cao,Tự động hóa ngay
14648,15-1253.00,Software Quality Assurance Analysts and Testers,Document test procedures to ensure replicability and compliance with standards.,110260.000000,199800.000000,5.000000,4.300000,5.000000,2.000000,5.000000,3.200000,0.595000,0.545455,0.666667,0.825000,0.670417,1.000000,0.365682,0.776260,True,Trung bình,Tự động hóa ngay
3478,15-1211.00,Computer Systems Analysts,"Review and analyze computer printouts and performance indicators to locate code problems, and correct errors by correcting codes.",111960.000000,497800.000000,3.000000,3.600000,4.500000,2.000000,9.000000,2.444444,0.425000,0.909091,0.333333,0.650000,0.458333,0.875000,0.364583,0.773869,True,Trung bình,Tự động hóa ngay
14644,15-1253.00,Software Quality Assurance Analysts and Testers,Create or maintain databases of known test defects.,110260.000000,199800.000000,5.000000,4.150000,5.000000,2.000000,4.000000,3.000000,0.550000,0.545455,0.666667,0.787500,0.638542,1.000000,0.348295,0.738416,True,Trung bình,Tự động hóa ngay
980,11-3021.00,Computer and Information Systems Managers,Prepare and review operational reports or project progress reports.,187990.000000,645970.000000,5.000000,3.630000,3.500000,2.000000,11.000000,2.363636,0.406818,1.000000,0.666667,0.657500,0.534451,0.625000,0.334032,0.707369,True,Trung bình,Tự động hóa ngay
1288,15-1232.00,Computer User Support Specialists,"Read technical manuals, confer with users, or conduct computer diagnostics to investigate and resolve problems or to provide technical assistance and support.",64990.000000,697210.000000,6.000000,3.940000,3.666667,3.000000,10.000000,2.200000,0.370000,0.818182,0.833333,0.735000,0.577083,0.666667,0.314773,0.665449,True,Cao,Tự động hóa ngay
1320,15-1244.00,Network and Computer Systems Administrators,Operate master consoles to monitor the performance of computer systems and networks and to coordinate computer network access and use.,101190.000000,318570.000000,5.000000,3.870000,4.500000,2.000000,6.000000,1.833333,0.287500,0.727273,0.666667,0.717500,0.489792,0.875000,0.311686,0.658730,True,Trung bình,Tự động hóa ngay
20950,15-1211.00,Computer Systems Analysts,Troubleshoot program and system malfunctions to restore normal functioning.,111960.000000,497800.000000,3.000000,4.240000,3.666667,3.000000,11.000000,2.545455,0.447727,0.909091,0.333333,0.810000,0.509697,0.666667,0.308907,0.652682,True,Cao,Tự động hóa ngay
14641,15-1253.00,Software Quality Assurance Analysts and Testers,"Document software defects, using a bug tracking system, and report defects to software developers.",110260.000000,199800.000000,6.000000,4.680000,4.000000,3.000000,6.000000,3.333333,0.625000,0.545455,0.833333,0.920000,0.750833,0.750000,0.307159,0.648877,True,Trung bình,Tự động hóa ngay
3480,15-1211.00,Computer Systems Analysts,"Read manuals, periodicals, and technical reports to learn how to develop programs that meet staff and user requirements.",111960.000000,497800.000000,3.000000,3.210000,4.500000,2.000000,10.000000,1.900000,0.302500,0.909091,0.333333,0.552500,0.372708,0.875000,0.296473,0.625616,True,Trung bình,Tự động hóa ngay
3484,15-1211.00,Computer Systems Analysts,Specify inputs accessed by the system and plan the distribution and use of the results.,111960.000000,497800.000000,4.000000,3.480000,3.333333,3.000000,9.000000,2.777778,0.500000,0.909091,0.500000,0.620000,0.530000,0.583333,0.281061,0.592070,True,Cao,Tự động hóa ngay
14655,15-1253.00,Software Quality Assurance Analysts and Testers,"Conduct software compatibility tests with programs, hardware, operating systems, or network environments.",110260.000000,199800.000000,3.000000,3.880000,5.000000,2.000000,4.000000,2.750000,0.493750,0.545455,0.333333,0.720000,0.510208,1.000000,0.278295,0.586051,True,Trung bình,Tự động hóa ngay
971,11-3021.00,Computer and Information Systems Managers,"Develop computer information resources, providing for data security and control, strategic computing, and disaster recovery.",187990.000000,645970.000000,3.000000,3.940000,3.000000,2.000000,10.000000,2.900000,0.527500,1.000000,0.333333,0.735000,0.530833,0.500000,0.265417,0.558019,True,Trung bình,Tự động hóa ngay
14650,15-1253.00,Software Quality Assurance Analysts and Testers,Update automated test scripts to ensure currency.,110260.000000,199800.000000,4.000000,4.090000,4.500000,2.000000,3.000000,2.666667,0.475000,0.545455,0.500000,0.772500,0.555625,0.875000,0.265185,0.557514,True,Trung bình,Tự động hóa ngay
3465,15-1211.00,Computer Systems Analysts,"Test, maintain, and monitor computer programs and systems, including coordinating the installation of computer programs and systems.",111960.000000,497800.000000,5.000000,4.000000,3.000000,2.000000,10.000000,2.300000,0.392500,0.909091,0.666667,0.750000,0.550417,0.500000,0.250189,0.524875,True,Trung bình,Tự động hóa ngay
14643,15-1253.00,Software Quality Assurance Analysts and Testers,Monitor bug resolution efforts and track successes.,110260.000000,199800.000000,5.000000,4.120000,4.000000,3.000000,4.000000,2.750000,0.493750,0.545455,0.666667,0.780000,0.608542,0.750000,0.248949,0.522174,True,Trung bình,Tự động hóa ngay
3474,15-1211.00,Computer Systems Analysts,"Analyze information processing or computation needs and plan and design computer systems, using techniques such as structured analysis, data modeling, and information engineering.",111960.000000,497800.000000,5.000000,3.600000,3.000000,2.000000,10.000000,2.400000,0.415000,0.909091,0.666667,0.650000,0.536667,0.500000,0.243939,0.511271,True,Trung bình,Tự động hóa ngay
1321,15-1244.00,Network and Computer Systems Administrators,"Perform routine network startup and shutdown procedures, and maintain control records.",101190.000000,318570.000000,3.000000,3.410000,4.666667,3.000000,6.000000,1.666667,0.250000,0.727273,0.333333,0.602500,0.358958,0.916667,0.239306,0.501184,True,Trung bình,Tự động hóa ngay
3482,15-1211.00,Computer Systems Analysts,"Use the computer in the analysis and solution of business problems, such as development of integrated production and inventory control and cost analysis systems.",111960.000000,497800.000000,5.000000,3.970000,2.666667,3.000000,10.000000,3.000000,0.550000,0.909091,0.666667,0.742500,0.627292,0.416667,0.237610,0.497495,True,Cao,Tự động hóa ngay
18993,15-1231.00,Computer Network Support Specialists,Document network support activities.,79610.000000,146450.000000,5.000000,4.090000,4.500000,2.000000,4.000000,2.500000,0.437500,0.454545,0.666667,0.772500,0.578542,0.875000,0.230102,0.481151,True,Trung bình,Tự động hóa ngay
1325,15-1244.00,Network and Computer Systems Administrators,Monitor network performance to determine whether adjustments are needed and where changes will be needed in the future.,101190.000000,318570.000000,5.000000,3.770000,3.333333,3.000000,9.000000,2.222222,0.375000,0.727273,0.666667,0.692500,0.527292,0.583333,0.223699,0.467216,True,Cao,Cân nhắc
14647,15-1253.00,Software Quality Assurance Analysts and Testers,"Review software documentation to ensure technical accuracy, compliance, or completeness, or to mitigate risks.",110260.000000,199800.000000,3.000000,3.710000,4.500000,2.000000,3.000000,2.333333,0.400000,0.545455,0.333333,0.677500,0.452708,0.875000,0.216065,0.450599,True,Trung bình,Cân nhắc
1329,15-1244.00,Network and Computer Systems Administrators,Analyze equipment performance records to determine the need for repair or replacement.,101190.000000,318570.000000,3.000000,3.650000,4.000000,3.000000,6.000000,1.833333,0.287500,0.727273,0.333333,0.662500,0.392708,0.750000,0.214205,0.446548,True,Trung bình,Cân nhắc
18989,15-1231.00,Computer Network Support Specialists,"Analyze network data to determine network usage, disk space availability, or server function.",79610.000000,146450.000000,5.000000,3.940000,4.666667,3.000000,3.000000,2.000000,0.325000,0.454545,0.666667,0.735000,0.512917,0.916667,0.213715,0.445483,True,Trung bình,Cân nhắc
14639,15-1253.00,Software Quality Assurance Analysts and Testers,Test system modifications to prepare for implementation.,110260.000000,199800.000000,3.000000,4.210000,3.666667,3.000000,4.000000,3.250000,0.606250,0.545455,0.333333,0.802500,0.587083,0.666667,0.213485,0.444982,True,Trung bình,Cân nhắc
18991,15-1231.00,Computer Network Support Specialists,Configure security settings or access permissions for groups or individuals.,79610.000000,146450.000000,5.000000,4.370000,4.666667,3.000000,6.000000,1.666667,0.250000,0.454545,0.666667,0.842500,0.502292,0.916667,0.209288,0.435847,True,Trung bình,Cân nhắc
14645,15-1253.00,Software Quality Assurance Analysts and Testers,Plan test schedules or strategies in accordance with project scope or delivery dates.,110260.000000,199800.000000,3.000000,4.000000,4.000000,3.000000,3.000000,2.666667,0.475000,0.545455,0.333333,0.750000,0.508333,0.750000,0.207955,0.432944,True,Trung bình,Cân nhắc
1322,15-1244.00,Network and Computer Systems Administrators,"Design, configure, and test computer hardware, networking software and operating system software.",101190.000000,318570.000000,3.000000,3.560000,3.500000,2.000000,5.000000,2.400000,0.415000,0.727273,0.333333,0.640000,0.450833,0.625000,0.204924,0.426349,True,Trung bình,Cân nhắc
14652,15-1253.00,Software Quality Assurance Analysts and Testers,"Install, maintain, or use software testing programs.",110260.000000,199800.000000,6.000000,4.260000,3.000000,2.000000,6.000000,3.500000,0.662500,0.545455,0.833333,0.815000,0.743333,0.500000,0.202727,0.421566,True,Trung bình,Cân nhắc
19004,15-1231.00,Computer Network Support Specialists,Back up network data.,79610.000000,146450.000000,5.000000,4.440000,4.500000,2.000000,6.000000,1.666667,0.250000,0.454545,0.666667,0.860000,0.506667,0.875000,0.201515,0.418928,True,Trung bình,Cân nhắc
5317,15-1212.00,Information Security Analysts,"Modify computer security files to incorporate new software, correct errors, or change individual access status.",127730.000000,179430.000000,3.000000,4.100000,3.500000,2.000000,8.000000,2.500000,0.437500,0.636364,0.333333,0.775000,0.495833,0.625000,0.197206,0.409550,True,Trung bình,Cân nhắc
14642,15-1253.00,Software Quality Assurance Analysts and Testers,"Identify, analyze, and document problems with program function, output, online screen, or content.",110260.000000,199800.000000,6.000000,4.700000,3.000000,3.000000,5.000000,3.000000,0.550000,0.545455,0.833333,0.925000,0.714583,0.500000,0.194886,0.404500,True,Trung bình,Cân nhắc
1270,15-1251.00,Computer Programmers,"Write, update, and maintain computer programs or software packages to handle specific jobs such as tracking inventory, storing or retrieving data, or controlling other equipment.",103640.000000,109870.000000,6.000000,4.150000,4.500000,2.000000,9.000000,2.333333,0.400000,0.363636,0.833333,0.787500,0.605208,0.875000,0.192566,0.399450,True,Trung bình,Cân nhắc
14654,15-1253.00,Software Quality Assurance Analysts and Testers,Monitor program performance to ensure efficient and problem-free operations.,110260.000000,199800.000000,4.000000,3.970000,3.500000,2.000000,4.000000,2.750000,0.493750,0.545455,0.500000,0.742500,0.557500,0.625000,0.190057,0.393987,True,Trung bình,Cân nhắc
5322,15-1212.00,Information Security Analysts,"Document computer security and emergency measures policies, procedures, and tests.",127730.000000,179430.000000,3.000000,3.940000,3.500000,2.000000,10.000000,2.400000,0.415000,0.636364,0.333333,0.735000,0.474583,0.625000,0.188755,0.391153,True,Trung bình,Cân nhắc
972,11-3021.00,Computer and Information Systems Managers,Review and approve all systems charts and programs prior to their implementation.,187990.000000,645970.000000,3.000000,3.680000,2.500000,2.000000,10.000000,2.800000,0.505000,1.000000,0.333333,0.670000,0.503333,0.375000,0.188750,0.391143,True,Trung bình,Cân nhắc
1318,15-1244.00,Network and Computer Systems Administrators,"Maintain and administer computer networks and related computing environments, including computer hardware, systems software, applications software, and all configurations.",101190.000000,318570.000000,6.000000,4.270000,2.500000,2.000000,10.000000,3.000000,0.550000,0.727273,0.833333,0.817500,0.687708,0.375000,0.187557,0.388546,True,Trung bình,Cân nhắc
5319,15-1212.00,Information Security Analysts,Monitor use of data files and regulate access to safeguard information in computer files.,127730.000000,179430.000000,5.000000,3.890000,3.000000,2.000000,10.000000,2.700000,0.482500,0.636364,0.666667,0.722500,0.588542,0.500000,0.187263,0.387907,True,Trung bình,Cân nhắc
5316,15-1212.00,Information Security Analysts,Monitor current reports of computer viruses to determine when to update virus protection systems.,127730.000000,179430.000000,5.000000,4.230000,3.000000,2.000000,8.000000,2.125000,0.353125,0.636364,0.666667,0.807500,0.545104,0.500000,0.173442,0.357823,True,Trung bình,Cân nhắc
19010,15-1231.00,Computer Network Support Specialists,Provide telephone support related to networking or connectivity issues.,79610.000000,146450.000000,5.000000,3.960000,3.666667,3.000000,5.000000,2.400000,0.415000,0.454545,0.666667,0.740000,0.559167,0.666667,0.169444,0.349122,True,Trung bình,Cân nhắc
14638,15-1253.00,Software Quality Assurance Analysts and Testers,"Design test plans, scenarios, scripts, or procedures.",110260.000000,199800.000000,3.000000,4.350000,3.333333,3.000000,6.000000,2.666667,0.475000,0.545455,0.333333,0.837500,0.530208,0.583333,0.168703,0.347507,True,Trung bình,Cân nhắc
970,11-3021.00,Computer and Information Systems Managers,Stay abreast of advances in technology.,187990.000000,645970.000000,4.000000,3.880000,2.500000,2.000000,10.000000,1.700000,0.257500,1.000000,0.500000,0.720000,0.433750,0.375000,0.162656,0.334346,True,Trung bình,Cân nhắc
1276,15-1251.00,Computer Programmers,"Prepare detailed workflow charts and diagrams that describe input, output, and logical operation, and convert them into a series of instructions coded in a computer language.",103640.000000,109870.000000,3.000000,3.580000,5.000000,2.000000,8.000000,2.250000,0.381250,0.363636,0.333333,0.645000,0.435208,1.000000,0.158258,0.324772,True,Trung bình,Cân nhắc
1273,15-1251.00,Computer Programmers,"Write, analyze, review, and rewrite programs, using workflow chart and diagram, and applying knowledge of computer capabilities, subject matter, and symbolic logic.",103640.000000,109870.000000,7.000000,4.420000,3.500000,2.000000,10.000000,2.600000,0.460000,0.363636,1.000000,0.855000,0.693750,0.625000,0.157670,0.323494,True,Trung bình,Cân nhắc
14653,15-1253.00,Software Quality Assurance Analysts and Testers,Provide feedback and recommendations to developers on software usability and functionality.,110260.000000,199800.000000,4.000000,4.270000,3.000000,3.000000,8.000000,2.750000,0.493750,0.545455,0.500000,0.817500,0.576250,0.500000,0.157159,0.322381,True,Cao,Cân nhắc
14649,15-1253.00,Software Quality Assurance Analysts and Testers,"Develop or specify standards, methods, or procedures to determine product quality or release readiness.",110260.000000,199800.000000,3.000000,4.120000,3.000000,3.000000,6.000000,3.000000,0.550000,0.545455,0.333333,0.780000,0.553333,0.500000,0.150909,0.308777,True,Trung bình,Cân nhắc
1292,15-1232.00,Computer User Support Specialists,"Prepare evaluations of software or hardware, and recommend improvements or upgrades.",64990.000000,697210.000000,3.000000,3.390000,3.000000,3.000000,8.000000,1.750000,0.268750,0.818182,0.333333,0.597500,0.367083,0.500000,0.150170,0.307169,True,Cao,Cân nhắc
1269,15-1251.00,Computer Programmers,"Compile and write documentation of program development and subsequent revisions, inserting comments in the coded instructions so others can understand the program.",103640.000000,109870.000000,5.000000,3.560000,4.666667,3.000000,8.000000,1.625000,0.240625,0.363636,0.666667,0.640000,0.446979,0.916667,0.148993,0.304606,True,Cao,Cân nhắc
14640,15-1253.00,Software Quality Assurance Analysts and Testers,"Develop testing programs that address areas such as database impacts, software scenarios, regression testing, negative testing, error or bug retests, or usability.",110260.000000,199800.000000,3.000000,4.520000,3.000000,2.000000,6.000000,2.666667,0.475000,0.545455,0.333333,0.880000,0.540833,0.500000,0.147500,0.301356,True,Trung bình,Cân nhắc
969,11-3021.00,Computer and Information Systems Managers,"Assign and review the work of systems analysts, programmers, and other computer-related workers.",187990.000000,645970.000000,5.000000,4.040000,2.000000,2.000000,10.000000,2.600000,0.460000,1.000000,0.666667,0.760000,0.586667,0.250000,0.146667,0.299543,True,Trung bình,Cân nhắc
14658,15-1253.00,Software Quality Assurance Analysts and Testers,"Identify program deviance from standards, and suggest modifications to ensure compliance.",110260.000000,199800.000000,4.000000,3.700000,3.500000,2.000000,4.000000,1.750000,0.268750,0.545455,0.500000,0.675000,0.428125,0.625000,0.145952,0.297986,True,Trung bình,Cân nhắc
1275,15-1251.00,Computer Programmers,"Investigate whether networks, workstations, the central processing unit of the system, or peripheral equipment are responding to a program's instructions.",103640.000000,109870.000000,3.000000,3.260000,5.000000,2.000000,10.000000,1.900000,0.302500,0.363636,0.333333,0.565000,0.375833,1.000000,0.136667,0.277776,True,Trung bình,Cân nhắc
21049,15-1251.00,Computer Programmers,Develop Web sites.,103640.000000,109870.000000,5.000000,3.240000,4.000000,2.000000,9.000000,2.111111,0.350000,0.363636,0.666667,0.560000,0.481667,0.750000,0.131364,0.266233,True,Trung bình,Cân nhắc
19003,15-1231.00,Computer Network Support Specialists,Analyze and report computer network security breaches or attempted breaches.,79610.000000,146450.000000,3.000000,4.260000,3.333333,3.000000,6.000000,2.333333,0.400000,0.454545,0.333333,0.815000,0.487083,0.583333,0.129151,0.261417,True,Trung bình,Cân nhắc
979,11-3021.00,Computer and Information Systems Managers,Evaluate data processing proposals to assess project feasibility and requirements.,187990.000000,645970.000000,3.000000,3.590000,2.000000,2.000000,10.000000,2.900000,0.527500,1.000000,0.333333,0.647500,0.508958,0.250000,0.127240,0.257257,True,Trung bình,Cân nhắc
974,11-3021.00,Computer and Information Systems Managers,Control operational budget and expenditures.,187990.000000,645970.000000,3.000000,3.530000,2.000000,2.000000,10.000000,2.800000,0.505000,1.000000,0.333333,0.632500,0.493958,0.250000,0.123490,0.249094,True,Trung bình,Giữ nguyên / Theo dõi
1323,15-1244.00,Network and Computer Systems Administrators,"Recommend changes to improve systems and network configurations, and determine hardware or software requirements related to such changes.",101190.000000,318570.000000,3.000000,3.570000,2.666667,3.000000,9.000000,1.888889,0.300000,0.727273,0.333333,0.642500,0.393958,0.416667,0.119381,0.240152,True,Cao,Giữ nguyên / Theo dõi
14707,15-1254.00,Web Developers,Write supporting code for Web applications or Web sites.,98790.000000,78860.000000,7.000000,4.580000,4.666667,3.000000,10.000000,2.700000,0.482500,0.181818,1.000000,0.895000,0.715000,0.916667,0.119167,0.239685,True,Cao,Giữ nguyên / Theo dõi
5314,15-1212.00,Information Security Analysts,"Develop plans to safeguard computer files against accidental or unauthorized modification, destruction, or disclosure and to meet emergency data processing needs.",127730.000000,179430.000000,4.000000,4.400000,2.333333,3.000000,9.000000,2.444444,0.425000,0.636364,0.500000,0.850000,0.550000,0.333333,0.116667,0.234243,True,Cao,Giữ nguyên / Theo dõi
1300,15-1242.00,Database Administrators,"Test programs or databases, correct errors, and make necessary modifications.",107440.000000,73180.000000,5.000000,3.680000,4.000000,3.000000,8.000000,2.625000,0.465625,0.272727,0.666667,0.670000,0.566979,0.750000,0.115973,0.232733,True,Cao,Giữ nguyên / Theo dõi
978,11-3021.00,Computer and Information Systems Managers,Review project plans to plan and coordinate project activity.,187990.000000,645970.000000,3.000000,4.080000,2.000000,2.000000,10.000000,2.200000,0.370000,1.000000,0.333333,0.770000,0.460833,0.250000,0.115208,0.231069,True,Trung bình,Giữ nguyên / Theo dõi
1277,15-1251.00,Computer Programmers,Perform systems analysis and programming tasks to maintain and control the use of computer systems software as a systems programmer.,103640.000000,109870.000000,5.000000,3.280000,3.500000,2.000000,8.000000,2.125000,0.353125,0.363636,0.666667,0.570000,0.485729,0.625000,0.110393,0.220588,True,Trung bình,Giữ nguyên / Theo dõi
1272,15-1251.00,Computer Programmers,"Perform or direct revision, repair, or expansion of existing programs to increase operating efficiency or adapt to new requirements.",103640.000000,109870.000000,5.000000,4.370000,3.000000,2.000000,8.000000,2.500000,0.437500,0.363636,0.666667,0.842500,0.596042,0.500000,0.108371,0.216187,True,Trung bình,Giữ nguyên / Theo dõi
1267,15-1251.00,Computer Programmers,Correct errors by making appropriate changes and rechecking the program to ensure that the desired results are produced.,103640.000000,109870.000000,6.000000,4.380000,3.000000,2.000000,10.000000,2.000000,0.325000,0.363636,0.833333,0.845000,0.582083,0.500000,0.105833,0.210663,True,Trung bình,Giữ nguyên / Theo dõi
1299,15-1242.00,Database Administrators,Modify existing databases and database management systems or direct programmers and analysts to make changes.,107440.000000,73180.000000,3.000000,4.000000,4.500000,2.000000,6.000000,1.833333,0.287500,0.272727,0.333333,0.750000,0.414583,0.875000,0.098935,0.195647,True,Trung bình,Giữ nguyên / Theo dõi
1274,15-1251.00,Computer Programmers,Write or contribute to instructions or manuals to guide end users.,103640.000000,109870.000000,4.000000,3.270000,4.000000,3.000000,10.000000,1.400000,0.190000,0.363636,0.500000,0.567500,0.361875,0.750000,0.098693,0.195121,True,Cao,Giữ nguyên / Theo dõi
3470,15-1211.00,Computer Systems Analysts,Expand or modify system to serve new purposes or improve work flow.,111960.000000,497800.000000,3.000000,3.470000,2.000000,2.000000,11.000000,2.181818,0.365909,0.909091,0.333333,0.617500,0.420663,0.250000,0.095605,0.188400,True,Trung bình,Giữ nguyên / Theo dõi
19011,15-1231.00,Computer Network Support Specialists,Research hardware or software products to meet technical networking or security needs.,79610.000000,146450.000000,4.000000,3.340000,3.333333,3.000000,3.000000,1.333333,0.175000,0.454545,0.500000,0.585000,0.358750,0.583333,0.095123,0.187351,True,Trung bình,Giữ nguyên / Theo dõi
19002,15-1231.00,Computer Network Support Specialists,Troubleshoot network or connectivity problems for users or user groups.,79610.000000,146450.000000,3.000000,3.960000,2.500000,2.000000,7.000000,2.857143,0.517857,0.454545,0.333333,0.740000,0.527262,0.375000,0.089874,0.175926,True,Trung bình,Giữ nguyên / Theo dõi
1290,15-1232.00,Computer User Support Specialists,"Develop training materials and procedures, or train users in the proper use of hardware or software.",64990.000000,697210.000000,3.000000,3.300000,2.333333,3.000000,9.000000,1.444444,0.200000,0.818182,0.333333,0.575000,0.327083,0.333333,0.089205,0.174468,True,Cao,Giữ nguyên / Theo dõi
1313,15-1242.00,Database Administrators,"Write and code logical and physical database descriptions and specify identifiers of database to management system, or direct others in coding descriptions.",107440.000000,73180.000000,4.000000,3.150000,4.500000,2.000000,3.000000,1.333333,0.175000,0.272727,0.500000,0.537500,0.346875,0.875000,0.082777,0.160478,True,Trung bình,Giữ nguyên / Theo dõi
14700,15-1254.00,Web Developers,"Evaluate code to ensure that it is valid, is properly structured, meets industry standards, and is compatible with browsers, devices, or operating systems.",98790.000000,78860.000000,4.000000,4.090000,4.000000,3.000000,10.000000,3.100000,0.572500,0.181818,0.500000,0.772500,0.604375,0.750000,0.082415,0.159689,True,Cao,Giữ nguyên / Theo dõi
1319,15-1244.00,Network and Computer Systems Administrators,"Plan, coordinate, and implement network security measures to protect data, software, and hardware.",101190.000000,318570.000000,3.000000,3.740000,2.000000,2.000000,7.000000,2.285714,0.389286,0.727273,0.333333,0.685000,0.449226,0.250000,0.081677,0.158084,True,Trung bình,Giữ nguyên / Theo dõi
14698,15-1254.00,Web Developers,Back up files from Web sites to local directories for instant recovery in case of problems.,98790.000000,78860.000000,5.000000,4.350000,4.666667,3.000000,10.000000,1.500000,0.212500,0.181818,0.666667,0.837500,0.482292,0.916667,0.080382,0.155264,True,Cao,Giữ nguyên / Theo dõi
1305,15-1242.00,Database Administrators,Specify users and user access levels for each segment of database.,107440.000000,73180.000000,3.000000,3.800000,4.000000,2.000000,6.000000,1.666667,0.250000,0.272727,0.333333,0.700000,0.383333,0.750000,0.078409,0.150970,True,Trung bình,Giữ nguyên / Theo dõi
14710,15-1254.00,Web Developers,"Perform Web site tests according to planned schedules, or after any Web site or product revision.",98790.000000,78860.000000,3.000000,4.040000,4.666667,3.000000,10.000000,2.300000,0.392500,0.181818,0.333333,0.760000,0.469583,0.916667,0.078264,0.150654,True,Cao,Giữ nguyên / Theo dõi
14713,15-1254.00,Web Developers,"Respond to user email inquiries, or set up automated systems to send responses.",98790.000000,78860.000000,5.000000,3.670000,5.000000,2.000000,10.000000,1.400000,0.190000,0.181818,0.666667,0.667500,0.428542,1.000000,0.077917,0.149898,True,Trung bình,Giữ nguyên / Theo dõi
14694,15-1254.00,Web Developers,"Design, build, or maintain Web sites, using authoring or scripting languages, content creation tools, management tools, and digital media.",98790.000000,78860.000000,5.000000,4.420000,3.500000,2.000000,10.000000,3.100000,0.572500,0.181818,0.666667,0.855000,0.666667,0.625000,0.075758,0.145199,True,Trung bình,Giữ nguyên / Theo dõi
1314,15-1242.00,Database Administrators,"Review workflow charts developed by programmer analyst to understand tasks computer will perform, such as updating records.",107440.000000,73180.000000,3.000000,2.780000,4.000000,3.000000,7.000000,2.000000,0.325000,0.272727,0.333333,0.445000,0.357083,0.750000,0.073040,0.139283,True,Trung bình,Giữ nguyên / Theo dõi
14722,15-1254.00,Web Developers,"Provide clear, detailed descriptions of Web site specifications, such as product features, activities, software, communication protocols, programming languages, and operating systems software and hardware.",98790.000000,78860.000000,3.000000,3.180000,5.000000,2.000000,10.000000,1.900000,0.302500,0.181818,0.333333,0.545000,0.370833,1.000000,0.067424,0.127060,True,Trung bình,Giữ nguyên / Theo dõi
14717,15-1254.00,Web Developers,Establish appropriate server directory trees.,98790.000000,78860.000000,3.000000,3.470000,4.333333,3.000000,10.000000,2.200000,0.370000,0.181818,0.333333,0.617500,0.422708,0.833333,0.064047,0.119708,True,Cao,Giữ nguyên / Theo dõi
14714,15-1254.00,Web Developers,Develop or implement procedures for ongoing Web site revision.,98790.000000,78860.000000,3.000000,3.290000,4.000000,2.000000,10.000000,2.400000,0.415000,0.181818,0.333333,0.572500,0.433958,0.750000,0.059176,0.109107,True,Trung bình,Giữ nguyên / Theo dõi
14719,15-1254.00,Web Developers,Recommend and implement performance improvements.,98790.000000,78860.000000,3.000000,3.390000,4.000000,2.000000,10.000000,2.200000,0.370000,0.181818,0.333333,0.597500,0.417708,0.750000,0.056960,0.104284,True,Trung bình,Giữ nguyên / Theo dõi
1279,15-1251.00,Computer Programmers,"Assign, coordinate, and review work and activities of programming personnel.",103640.000000,109870.000000,4.000000,3.220000,2.333333,3.000000,9.000000,2.000000,0.325000,0.363636,0.500000,0.555000,0.426250,0.333333,0.051667,0.092762,True,Cao,Giữ nguyên / Theo dõi
14723,15-1254.00,Web Developers,Monitor security system performance logs to identify problems and notify security specialists when problems occur.,98790.000000,78860.000000,3.000000,3.730000,3.333333,3.000000,10.000000,2.600000,0.460000,0.181818,0.333333,0.682500,0.483958,0.583333,0.051329,0.092026,True,Cao,Giữ nguyên / Theo dõi
14695,15-1254.00,Web Developers,Perform or direct Web site updates.,98790.000000,78860.000000,3.000000,4.000000,3.666667,3.000000,10.000000,1.900000,0.302500,0.181818,0.333333,0.750000,0.422083,0.666667,0.051162,0.091662,True,Cao,Giữ nguyên / Theo dõi
18992,15-1231.00,Computer Network Support Specialists,Configure wide area network (WAN) or local area network (LAN) routers or related equipment.,79610.000000,146450.000000,3.000000,4.040000,2.000000,2.000000,5.000000,1.800000,0.280000,0.454545,0.333333,0.760000,0.413333,0.250000,0.046970,0.082538,True,Trung bình,Giữ nguyên / Theo dõi
1317,15-1244.00,Network and Computer Systems Administrators,Perform data backups and disaster recovery operations.,101190.000000,318570.000000,5.000000,4.140000,1.500000,2.000000,8.000000,1.625000,0.240625,0.727273,0.666667,0.785000,0.483229,0.125000,0.043930,0.075921,True,Trung bình,Giữ nguyên / Theo dõi
1301,15-1242.00,Database Administrators,"Plan, coordinate, and implement security measures to safeguard information in computer files against accidental or unauthorized damage, modification or disclosure.",107440.000000,73180.000000,3.000000,3.930000,2.333333,3.000000,6.000000,2.000000,0.325000,0.272727,0.333333,0.732500,0.428958,0.333333,0.038996,0.065182,True,Trung bình,Giữ nguyên / Theo dõi
14625,15-1221.00,Computer and Information Research Scientists,Evaluate project plans and proposals to assess feasibility issues.,152310.000000,38480.000000,3.000000,3.460000,4.000000,2.000000,10.000000,2.200000,0.370000,0.090909,0.333333,0.615000,0.422083,0.750000,0.028778,0.042942,True,Trung bình,Giữ nguyên / Theo dõi
14633,15-1221.00,Computer and Information Research Scientists,Design computers and the software that runs them.,152310.000000,38480.000000,7.000000,3.630000,2.666667,3.000000,9.000000,2.222222,0.375000,0.090909,1.000000,0.657500,0.601875,0.416667,0.022798,0.029925,True,Cao,Giữ nguyên / Theo dõi
14624,15-1221.00,Computer and Information Research Scientists,Assign or schedule tasks to meet work priorities and goals.,152310.000000,38480.000000,3.000000,3.760000,3.000000,2.000000,10.000000,2.600000,0.460000,0.090909,0.333333,0.690000,0.485833,0.500000,0.022083,0.028369,True,Trung bình,Giữ nguyên / Theo dõi
14623,15-1221.00,Computer and Information Research Scientists,Analyze problems to develop solutions involving computer hardware and software.,152310.000000,38480.000000,5.000000,4.240000,2.333333,3.000000,9.000000,3.444444,0.650000,0.090909,0.666667,0.810000,0.694167,0.333333,0.021035,0.026088,True,Cao,Giữ nguyên / Theo dõi
14708,15-1254.00,Web Developers,Communicate with network personnel or Web site hosting agencies to address hardware or software issues affecting Web sites.,98790.000000,78860.000000,3.000000,3.570000,2.000000,2.000000,10.000000,2.200000,0.370000,0.181818,0.333333,0.642500,0.428958,0.250000,0.019498,0.022742,True,Trung bình,Giữ nguyên / Theo dõi
14636,15-1221.00,Computer and Information Research Scientists,"Approve, prepare, monitor, and adjust operational budgets.",152310.000000,38480.000000,3.000000,2.770000,2.500000,2.000000,6.000000,2.000000,0.325000,0.090909,0.333333,0.442500,0.356458,0.375000,0.012152,0.006752,True,Trung bình,Giữ nguyên / Theo dõi
14626,15-1221.00,Computer and Information Research Scientists,"Apply theoretical expertise and innovation to create or apply new technology, such as adapting principles for applying computers to new uses.",152310.000000,38480.000000,5.000000,3.890000,1.666667,3.000000,9.000000,2.777778,0.500000,0.090909,0.666667,0.722500,0.597292,0.166667,0.009050,0.000000,True,Cao,Giữ nguyên / Theo dõi
18965,15-1241.00,Computer Network Architects,Develop and implement solutions for network problems.,135890.000000,177010.000000,4.000000,4.200000,,,,,,,,,,,,,False,Chưa đủ dữ liệu,Chưa đủ dữ liệu
18974,15-1241.00,Computer Network Architects,Estimate time and materials needed to complete projects.,135890.000000,177010.000000,3.000000,3.440000,,,,,,,,,,,,,False,Chưa đủ dữ liệu,Chưa đủ dữ liệu
18977,15-1241.00,Computer Network Architects,"Maintain networks by performing activities such as file addition, deletion, or backup.",135890.000000,177010.000000,5.000000,4.160000,,,,,,,,,,,,,False,Chưa đủ dữ liệu,Chưa đủ dữ liệu
18979,15-1241.00,Computer Network Architects,"Monitor and analyze network performance and reports on data input or output to detect problems, identify inefficient use of computer resources, or perform capacity planning.",135890.000000,177010.000000,5.000000,3.900000,,,,,,,,,,,,,False,Chưa đủ dữ liệu,Chưa đủ dữ liệu
18994,15-1231.00,Computer Network Support Specialists,"Evaluate local area network (LAN) or wide area network (WAN) performance data to ensure sufficient availability or speed, to identify network problems, or for disaster recovery purposes.",79610.000000,146450.000000,5.000000,3.960000,,,,,,,,,,,,,False,Chưa đủ dữ liệu,Chưa đủ dữ liệu
19001,15-1231.00,Computer Network Support Specialists,"Test computer software or hardware, using standard diagnostic testing equipment and procedures.",79610.000000,146450.000000,3.000000,3.670000,,,,,,,,,,,,,False,Chưa đủ dữ liệu,Chưa đủ dữ liệu
19006,15-1231.00,Computer Network Support Specialists,Create or update technical documentation for network installations or changes to existing installations.,79610.000000,146450.000000,4.000000,3.610000,,,,,,,,,,,,,False,Chưa đủ dữ liệu,Chưa đủ dữ liệu
19007,15-1231.00,Computer Network Support Specialists,Document help desk requests and resolutions.,79610.000000,146450.000000,5.000000,3.430000,,,,,,,,,,,,,False,Chưa đủ dữ liệu,Chưa đủ dữ liệu
19008,15-1231.00,Computer Network Support Specialists,Maintain logs of network activity.,79610.000000,146450.000000,5.000000,3.440000,,,,,,,,,,,,,False,Chưa đủ dữ liệu,Chưa đủ dữ liệu
19009,15-1231.00,Computer Network Support Specialists,"Monitor industry Web sites or publications for information about patches, releases, viruses, or potential problem identification.",79610.000000,146450.000000,3.000000,3.660000,,,,,,,,,,,,,False,Chưa đủ dữ liệu,Chưa đủ dữ liệu
19012,15-1231.00,Computer Network Support Specialists,Run monthly network reports.,79610.000000,146450.000000,3.000000,3.050000,,,,,,,,,,,,,False,Chưa đủ dữ liệu,Chưa đủ dữ liệu
19014,15-1231.00,Computer Network Support Specialists,Train users in procedures related to network applications software or related systems.,79610.000000,146450.000000,4.000000,3.580000,,,,,,,,,,,,,False,Chưa đủ dữ liệu,Chưa đủ dữ liệu
14667,15-1299.08,Computer Systems Engineers/Architects,"Provide advice on project costs, design concepts, or design changes.",,,3.000000,3.450000,2.333333,3.000000,7.000000,1.857143,,,,,,,,,False,Chưa đủ dữ liệu,Chưa đủ dữ liệu
14670,15-1299.08,Computer Systems Engineers/Architects,Collaborate with engineers or software developers to select appropriate design solutions or ensure the compatibility of system components.,,,3.000000,3.810000,3.333333,3.000000,8.000000,1.375000,,,,,,,,,False,Chưa đủ dữ liệu,Chưa đủ dữ liệu
14671,15-1299.08,Computer Systems Engineers/Architects,"Evaluate current or emerging technologies to consider factors such as cost, portability, compatibility, or usability.",,,3.000000,3.450000,3.000000,3.000000,5.000000,1.600000,,,,,,,,,False,Chưa đủ dữ liệu,Chưa đủ dữ liệu
14672,15-1299.08,Computer Systems Engineers/Architects,Provide technical guidance or support for the development or troubleshooting of systems.,,,5.000000,3.640000,3.333333,3.000000,9.000000,1.666667,,,,,,,,,False,Chưa đủ dữ liệu,Chưa đủ dữ liệu
14673,15-1299.08,Computer Systems Engineers/Architects,"Identify system data, hardware, or software components required to meet user needs.",,,3.000000,3.950000,3.000000,3.000000,6.000000,2.333333,,,,,,,,,False,Chưa đủ dữ liệu,Chưa đủ dữ liệu
14675,15-1299.08,Computer Systems Engineers/Architects,Monitor system operation to detect potential problems.,,,5.000000,4.090000,3.000000,2.000000,4.000000,1.500000,,,,,,,,,False,Chưa đủ dữ liệu,Chưa đủ dữ liệu
14677,15-1299.08,Computer Systems Engineers/Architects,"Investigate system component suitability for specified purposes, and make recommendations regarding component use.",,,5.000000,4.190000,,,,,,,,,,,,,False,Chưa đủ dữ liệu,Chưa đủ dữ liệu
14681,15-1299.08,Computer Systems Engineers/Architects,"Define and analyze objectives, scope, issues, or organizational impact of information systems.",,,3.000000,3.620000,2.666667,3.000000,3.000000,1.666667,,,,,,,,,False,Chưa đủ dữ liệu,Chưa đủ dữ liệu
14683,15-1299.08,Computer Systems Engineers/Architects,Design and conduct hardware or software tests.,,,4.000000,3.730000,2.500000,2.000000,5.000000,1.200000,,,,,,,,,False,Chưa đủ dữ liệu,Chưa đủ dữ liệu
14686,15-1299.08,Computer Systems Engineers/Architects,"Research, test, or verify proper functioning of software patches and fixes.",,,3.000000,3.910000,4.000000,2.000000,7.000000,2.000000,,,,,,,,,False,Chưa đủ dữ liệu,Chưa đủ dữ liệu
14687,15-1299.08,Computer Systems Engineers/Architects,"Communicate project information through presentations, technical reports, or white papers.",,,3.000000,3.370000,3.333333,3.000000,8.000000,1.875000,,,,,,,,,False,Chưa đủ dữ liệu,Chưa đủ dữ liệu
16118,15-1243.01,Data Warehousing Specialists,Provide or coordinate troubleshooting support for data warehouses.,,,3.000000,3.910000,,,,,,,,,,,,,False,Chưa đủ dữ liệu,Chưa đủ dữ liệu
16119,15-1243.01,Data Warehousing Specialists,Prepare functional or technical documentation for data warehouses.,,,3.000000,3.320000,,,,,,,,,,,,,False,Chưa đủ dữ liệu,Chưa đủ dữ liệu
16120,15-1243.01,Data Warehousing Specialists,"Write new programs or modify existing programs to meet customer requirements, using current programming languages and technologies.",,,5.000000,3.910000,,,,,,,,,,,,,False,Chưa đủ dữ liệu,Chưa đủ dữ liệu
16121,15-1243.01,Data Warehousing Specialists,"Verify the structure, accuracy, or quality of warehouse data.",,,5.000000,4.430000,,,,,,,,,,,,,False,Chưa đủ dữ liệu,Chưa đủ dữ liệu
16123,15-1243.01,Data Warehousing Specialists,"Perform system analysis, data analysis or programming, using a variety of computer languages and procedures.",,,5.000000,3.830000,,,,,,,,,,,,,False,Chưa đủ dữ liệu,Chưa đủ dữ liệu
16124,15-1243.01,Data Warehousing Specialists,"Map data between source systems, data warehouses, and data marts.",,,4.000000,4.220000,,,,,,,,,,,,,False,Chưa đủ dữ liệu,Chưa đủ dữ liệu
16125,15-1243.01,Data Warehousing Specialists,"Implement business rules via stored procedures, middleware, or other technologies.",,,3.000000,3.550000,,,,,,,,,,,,,False,Chưa đủ dữ liệu,Chưa đủ dữ liệu
16126,15-1243.01,Data Warehousing Specialists,"Develop and implement data extraction procedures from other systems, such as administration, billing, or claims.",,,3.000000,4.130000,,,,,,,,,,,,,False,Chưa đủ dữ liệu,Chưa đủ dữ liệu
16128,15-1243.01,Data Warehousing Specialists,Design and implement warehouse database structures.,,,4.000000,4.090000,,,,,,,,,,,,,False,Chưa đủ dữ liệu,Chưa đủ dữ liệu
16130,15-1243.01,Data Warehousing Specialists,"Create plans, test files, and scripts for data warehouse testing, ranging from unit to integration testing.",,,3.000000,3.610000,,,,,,,,,,,,,False,Chưa đủ dữ liệu,Chưa đủ dữ liệu
16132,15-1243.01,Data Warehousing Specialists,"Develop data warehouse process models, including sourcing, loading, transformation, and extraction.",,,5.000000,4.430000,,,,,,,,,,,,,False,Chưa đủ dữ liệu,Chưa đủ dữ liệu
16104,15-1243.00,Database Architects,Identify and correct deviations from database development standards.,142620.000000,64770.000000,4.000000,3.570000,,,,,,,,,,,,,False,Chưa đủ dữ liệu,Chưa đủ dữ liệu
16106,15-1243.00,Database Architects,"Develop or maintain archived procedures, procedural codes, or queries for applications.",142620.000000,64770.000000,3.000000,3.250000,,,,,,,,,,,,,False,Chưa đủ dữ liệu,Chưa đủ dữ liệu
16108,15-1243.00,Database Architects,"Develop data models for applications, metadata tables, views or related database structures.",142620.000000,64770.000000,4.000000,4.100000,,,,,,,,,,,,,False,Chưa đủ dữ liệu,Chưa đủ dữ liệu
16111,15-1243.00,Database Architects,"Demonstrate database technical functionality, such as performance, security and reliability.",142620.000000,64770.000000,4.000000,3.760000,,,,,,,,,,,,,False,Chưa đủ dữ liệu,Chưa đủ dữ liệu
21715,15-1299.02,Geographic Information Systems Technologists and Technicians,"Produce data layers, maps, tables, or reports, using spatial analysis procedures or Geographic Information Systems (GIS) technology, equipment, or systems.",,,5.000000,4.610000,,,,,,,,,,,,,False,Chưa đủ dữ liệu,Chưa đủ dữ liệu
21716,15-1299.02,Geographic Information Systems Technologists and Technicians,"Design or prepare graphic representations of Geographic Information Systems (GIS) data, using GIS hardware or software applications.",,,5.000000,4.530000,,,,,,,,,,,,,False,Chưa đủ dữ liệu,Chưa đủ dữ liệu
21717,15-1299.02,Geographic Information Systems Technologists and Technicians,Maintain or modify existing Geographic Information Systems (GIS) databases.,,,4.000000,4.400000,,,,,,,,,,,,,False,Chưa đủ dữ liệu,Chưa đủ dữ liệu
21719,15-1299.02,Geographic Information Systems Technologists and Technicians,"Perform computer programming, data analysis, or software development for Geographic Information Systems (GIS) applications, including the maintenance of existing systems or research and development for future enhancements.",,,5.000000,4.240000,,,,,,,,,,,,,False,Chưa đủ dữ liệu,Chưa đủ dữ liệu
21720,15-1299.02,Geographic Information Systems Technologists and Technicians,"Enter data into Geographic Information Systems (GIS) databases, using techniques such as coordinate geometry, keyboard entry of tabular data, manual digitizing of maps, scanning or automatic conversion to vectors, or conversion of other sources of digital data.",,,3.000000,4.080000,,,,,,,,,,,,,False,Chưa đủ dữ liệu,Chưa đủ dữ liệu
21721,15-1299.02,Geographic Information Systems Technologists and Technicians,"Review existing or incoming data for currency, accuracy, usefulness, quality, or completeness of documentation.",,,3.000000,4.060000,,,,,,,,,,,,,False,Chưa đủ dữ liệu,Chưa đủ dữ liệu
21722,15-1299.02,Geographic Information Systems Technologists and Technicians,"Perform geospatial data building, modeling, or analysis, using advanced spatial analysis, data manipulation, or cartography software.",,,4.000000,4.030000,,,,,,,,,,,,,False,Chưa đủ dữ liệu,Chưa đủ dữ liệu
21723,15-1299.02,Geographic Information Systems Technologists and Technicians,Design or coordinate the development of integrated Geographic Information Systems (GIS) spatial or non-spatial databases.,,,3.000000,4.010000,,,,,,,,,,,,,False,Chưa đủ dữ liệu,Chưa đủ dữ liệu
21724,15-1299.02,Geographic Information Systems Technologists and Technicians,Perform integrated or computerized Geographic Information Systems (GIS) analyses to address scientific problems.,,,3.000000,4.000000,,,,,,,,,,,,,False,Chưa đủ dữ liệu,Chưa đủ dữ liệu
21725,15-1299.02,Geographic Information Systems Technologists and Technicians,Select cartographic elements needed for effective presentation of information.,,,5.000000,3.980000,,,,,,,,,,,,,False,Chưa đủ dữ liệu,Chưa đủ dữ liệu
21726,15-1299.02,Geographic Information Systems Technologists and Technicians,"Provide technical support to users or clients regarding the maintenance, development, or operation of Geographic Information Systems (GIS) databases, equipment, or applications.",,,3.000000,3.970000,,,,,,,,,,,,,False,Chưa đủ dữ liệu,Chưa đủ dữ liệu
21728,15-1299.02,Geographic Information Systems Technologists and Technicians,Interpret aerial or ortho photographs.,,,4.000000,3.900000,,,,,,,,,,,,,False,Chưa đủ dữ liệu,Chưa đủ dữ liệu
21730,15-1299.02,Geographic Information Systems Technologists and Technicians,"Document, design, code, or test Geographic Information Systems (GIS) models, internet mapping solutions, or other applications.",,,3.000000,3.730000,,,,,,,,,,,,,False,Chưa đủ dữ liệu,Chưa đủ dữ liệu
21731,15-1299.02,Geographic Information Systems Technologists and Technicians,"Create, analyze, report, convert, or transfer data, using specialized applications program software.",,,4.000000,3.710000,,,,,,,,,,,,,False,Chưa đủ dữ liệu,Chưa đủ dữ liệu
21733,15-1299.02,Geographic Information Systems Technologists and Technicians,"Design, program, or model Geographic Information Systems (GIS) applications or procedures.",,,3.000000,3.570000,,,,,,,,,,,,,False,Chưa đủ dữ liệu,Chưa đủ dữ liệu
21737,15-1299.02,Geographic Information Systems Technologists and Technicians,"Create visual representations of geospatial data, using complex procedures such as analytical modeling, three-dimensional renderings, or plot creation.",,,4.000000,3.360000,,,,,,,,,,,,,False,Chưa đủ dữ liệu,Chưa đủ dữ liệu
21738,15-1299.02,Geographic Information Systems Technologists and Technicians,Transfer or rescale information from original photographs onto maps or other photographs.,,,5.000000,3.330000,,,,,,,,,,,,,False,Chưa đủ dữ liệu,Chưa đủ dữ liệu
16151,15-1299.09,Information Technology Project Managers,Perform risk assessments to develop response strategies.,,,4.000000,4.050000,2.000000,2.000000,10.000000,2.600000,,,,,,,,,False,Chưa đủ dữ liệu,Chưa đủ dữ liệu
16152,15-1299.09,Information Technology Project Managers,"Submit project deliverables, ensuring adherence to quality standards.",,,3.000000,4.250000,2.333333,3.000000,10.000000,2.200000,,,,,,,,,False,Chưa đủ dữ liệu,Chưa đủ dữ liệu
16157,15-1299.09,Information Technology Project Managers,Monitor or track project milestones and deliverables.,,,5.000000,4.290000,2.333333,3.000000,10.000000,1.900000,,,,,,,,,False,Chưa đủ dữ liệu,Chưa đủ dữ liệu
16159,15-1299.09,Information Technology Project Managers,"Initiate, review, or approve modifications to project plans.",,,3.000000,4.200000,3.333333,3.000000,10.000000,2.200000,,,,,,,,,False,Chưa đủ dữ liệu,Chưa đủ dữ liệu
16167,15-1299.09,Information Technology Project Managers,"Assign duties, responsibilities, and spans of authority to project personnel.",,,4.000000,3.790000,2.000000,3.000000,10.000000,2.800000,,,,,,,,,False,Chưa đủ dữ liệu,Chưa đủ dữ liệu
16168,15-1299.09,Information Technology Project Managers,"Prepare project status reports by collecting, analyzing, and summarizing information and trends.",,,3.000000,4.000000,4.500000,2.000000,10.000000,2.600000,,,,,,,,,False,Chưa đủ dữ liệu,Chưa đủ dữ liệu
16170,15-1299.09,Information Technology Project Managers,"Develop or update project plans for information technology projects including information such as project objectives, technologies, systems, information specifications, schedules, funding, and staffing.",,,4.000000,4.050000,2.333333,3.000000,10.000000,2.700000,,,,,,,,,False,Chưa đủ dữ liệu,Chưa đủ dữ liệu
16171,15-1299.09,Information Technology Project Managers,Develop and manage work breakdown structure (WBS) of information technology projects.,,,3.000000,3.900000,2.000000,3.000000,10.000000,2.800000,,,,,,,,,False,Chưa đủ dữ liệu,Chưa đủ dữ liệu
1328,15-1244.00,Network and Computer Systems Administrators,"Gather data pertaining to customer needs, and use the information to identify, predict, interpret, and evaluate system and network requirements.",101190.000000,318570.000000,3.000000,3.170000,,,,,,,,,,,,,False,Chưa đủ dữ liệu,Chưa đủ dữ liệu
1330,15-1244.00,Network and Computer Systems Administrators,"Maintain logs related to network functions, as well as maintenance and repair records.",101190.000000,318570.000000,3.000000,3.270000,,,,,,,,,,,,,False,Chưa đủ dữ liệu,Chưa đủ dữ liệu
15208,15-1244.00,Network and Computer Systems Administrators,"Implement and provide technical support for voice services and equipment, such as private branch exchange, voice mail system, and telecom system.",101190.000000,318570.000000,5.000000,3.590000,,,,,,,,,,,,,False,Chưa đủ dữ liệu,Chưa đủ dữ liệu
14661,15-1253.00,Software Quality Assurance Analysts and Testers,"Perform initial debugging procedures by reviewing configuration files, logs, or code pieces to determine breakdown source.",110260.000000,199800.000000,4.000000,3.660000,,,,,,,,,,,,,False,Chưa đủ dữ liệu,Chưa đủ dữ liệu
14664,15-1253.00,Software Quality Assurance Analysts and Testers,Conduct historical analyses of test results.,110260.000000,199800.000000,3.000000,3.290000,,,,,,,,,,,,,False,Chưa đủ dữ liệu,Chưa đủ dữ liệu
14731,15-1299.01,Web Administrators,Back up or modify applications and related data to provide for disaster recovery.,,,5.000000,4.600000,4.500000,2.000000,5.000000,1.600000,,,,,,,,,False,Chưa đủ dữ liệu,Chưa đủ dữ liệu
14732,15-1299.01,Web Administrators,"Determine sources of Web page or server problems, and take action to correct such problems.",,,5.000000,4.320000,4.000000,2.000000,6.000000,2.666667,,,,,,,,,False,Chưa đủ dữ liệu,Chưa đủ dữ liệu
14733,15-1299.01,Web Administrators,"Review or update Web page content or links in a timely manner, using appropriate tools.",,,5.000000,3.890000,4.500000,2.000000,7.000000,2.428571,,,,,,,,,False,Chưa đủ dữ liệu,Chưa đủ dữ liệu
14734,15-1299.01,Web Administrators,"Monitor systems for intrusions or denial of service attacks, and report security breaches to appropriate personnel.",,,5.000000,4.790000,3.666667,3.000000,5.000000,1.800000,,,,,,,,,False,Chưa đủ dữ liệu,Chưa đủ dữ liệu
14736,15-1299.01,Web Administrators,"Administer internet or intranet infrastructure, including Web, file, and mail servers.",,,5.000000,3.820000,,,,,,,,,,,,,False,Chưa đủ dữ liệu,Chưa đủ dữ liệu
14740,15-1299.01,Web Administrators,"Implement updates, upgrades, and patches in a timely manner to limit loss of service.",,,3.000000,4.250000,4.666667,3.000000,5.000000,2.200000,,,,,,,,,False,Chưa đủ dữ liệu,Chưa đủ dữ liệu
14742,15-1299.01,Web Administrators,"Collaborate with Web developers to create and operate internal and external Web sites, or to manage projects, such as e-marketing campaigns.",,,3.000000,3.720000,,,,,,,,,,,,,False,Chưa đủ dữ liệu,Chưa đủ dữ liệu
14743,15-1299.01,Web Administrators,"Install or configure Web server software or hardware to ensure that directory structure is well-defined, logical, and secure, and that files are named properly.",,,3.000000,3.890000,4.500000,2.000000,5.000000,2.000000,,,,,,,,,False,Chưa đủ dữ liệu,Chưa đủ dữ liệu
14744,15-1299.01,Web Administrators,"Gather, analyze, or document user feedback to locate or resolve sources of problems.",,,3.000000,3.850000,2.666667,3.000000,5.000000,2.800000,,,,,,,,,False,Chưa đủ dữ liệu,Chưa đủ dữ liệu
14745,15-1299.01,Web Administrators,Develop Web site performance metrics.,,,3.000000,3.740000,,,,,,,,,,,,,False,Chưa đủ dữ liệu,Chưa đủ dữ liệu
14746,15-1299.01,Web Administrators,Identify or address interoperability requirements.,,,3.000000,3.720000,,,,,,,,,,,,,False,Chưa đủ dữ liệu,Chưa đủ dữ liệu
14749,15-1299.01,Web Administrators,"Track, compile, and analyze Web site usage data.",,,3.000000,4.000000,4.500000,2.000000,4.000000,1.750000,,,,,,,,,False,Chưa đủ dữ liệu,Chưa đủ dữ liệu
14750,15-1299.01,Web Administrators,"Test issues such as system integration, performance, and system security on a regular schedule or after any major program modifications.",,,3.000000,4.060000,4.500000,2.000000,4.000000,2.250000,,,,,,,,,False,Chưa đủ dữ liệu,Chưa đủ dữ liệu
14758,15-1299.01,Web Administrators,"Correct testing-identified problems, or recommend actions for their resolution.",,,5.000000,4.450000,4.000000,2.000000,7.000000,2.428571,,,,,,,,,False,Chưa đủ dữ liệu,Chưa đủ dữ liệu
14762,15-1299.01,Web Administrators,Set up or maintain monitoring tools on Web servers or Web sites.,,,3.000000,3.830000,4.500000,2.000000,5.000000,2.600000,,,,,,,,,False,Chưa đủ dữ liệu,Chưa đủ dữ liệu
14763,15-1299.01,Web Administrators,Develop testing routines and procedures.,,,3.000000,3.470000,,,,,,,,,,,,,False,Chưa đủ dữ liệu,Chưa đủ dữ liệu
